School Name [Public School] 2015-16,GreatSchools Rating,County Name [Public School] 2015-16,Location City [Public School] 2015-16,Location State Abbr [Public School] 2015-16
A. Mario Loiederman Middle,4,Montgomery County,SILVER SPRING,MD 
Abbottston Elementary,2,Baltimore city,BALTIMORE,MD 
Aberdeen High,6,Harford County,ABERDEEN,MD 
Aberdeen Middle,5,Harford County,ABERDEEN,MD 
Abingdon Elementary,8,Harford County,ABINGDON,MD 
Academy for College and Career Exploration,2,Baltimore city,BALTIMORE,MD 
Academy of Health Sciences at PGCC,NaN,Prince George's County,LARGO,MD 
Accident Elementary,6,Garrett County,ACCIDENT,MD 
Accokeek Academy,6,Prince George's County,ACCOKEEK,MD 
Achievement Academy @ Harbor City High,NaN,Baltimore city,BALTIMORE,MD 
Adelphi Elementary,4,Prince George's County,ADELPHI,MD 
Afternoon Group Learning Centers,NaN,Baltimore County,TOWSON,MD 
Afya Public Charter School,2,Baltimore city,BALTIMORE,MD 
Albert Einstein High,4,Montgomery County,KENSINGTON,MD 
Alexander Hamilton Elementary,1,Baltimore city,BALTIMORE,MD 
Allegany High,6,Allegany County,CUMBERLAND,MD 
Allenwood Elementary,3,Prince George's County,TEMPLE HILLS,MD 
Alternative Programs,1,Montgomery County,ROCKVILLE,MD 
Andrew Jackson Academy,3,Prince George's County,FORESTVILLE,MD 
Annapolis Elementary,5,Anne Arundel County,ANNAPOLIS,MD 
Annapolis High,5,Anne Arundel County,ANNAPOLIS,MD 
Annapolis Middle,5,Anne Arundel County,ANNAPOLIS,MD 
Annapolis Road Academy,1,Prince George's County,BLADENSBURG,MD 
Anne Arundel Evening High,NaN,Anne Arundel County,SEVERNA PARK,MD 
Apple Grove Elementary,4,Prince George's County,FORT WASHINGTON,MD 
Applications and Research Laboratory,NaN,Howard County,ELLICOTT CITY,MD 
Arbutus Elementary,5,Baltimore County,BALTIMORE,MD 
Arbutus Middle,6,Baltimore County,BALTIMORE,MD 
Arcola Elementary,2,Montgomery County,SILVER SPRING,MD 
Ardmore Elementary,4,Prince George's County,SPRINGDALE,MD 
Argyle Middle,5,Montgomery County,SILVER SPRING,MD 
Arlington Elementary/Middle,2,Baltimore city,BALTIMORE,MD 
Armistead Gardens Elementary,4,Baltimore city,BALTIMORE,MD 
Arnold Elementary,9,Anne Arundel County,ARNOLD,MD 
Arrowhead Elementary,3,Prince George's County,UPPER MARLBORO,MD 
Arthur Middleton Elementary School,5,Charles County,WALDORF,MD 
Arundel Elementary/Middle,1,Baltimore city,BALTIMORE,MD 
Arundel High,6,Anne Arundel County,GAMBRILLS,MD 
Arundel Middle,6,Anne Arundel County,ODENTON,MD 
Ashburton Elementary,8,Montgomery County,BETHESDA,MD 
Atholton Elementary,8,Howard County,COLUMBIA,MD 
Atholton High,8,Howard County,COLUMBIA,MD 
Augusta Fells Savage Institute of Visual Arts,1,Baltimore city,BALTIMORE,MD 
Avalon Elementary,5,Prince George's County,FORT WASHINGTON,MD 
Baden Elementary,6,Prince George's County,BRANDYWINE,MD 
Bainbridge Elementary,4,Cecil County,PORT DEPOSIT,MD 
Bakerfield Elementary,5,Harford County,ABERDEEN,MD 
Ballenger Creek Elementary,7,Frederick County,FREDERICK,MD 
Ballenger Creek Middle,7,Frederick County,FREDERICK,MD 
Baltimore City College,7,Baltimore city,BALTIMORE,MD 
Baltimore Collegiate School for Boys,NaN,Baltimore city,BALTIMORE,MD 
Baltimore Community High School,NaN,Baltimore city,BALTIMORE,MD 
Baltimore County Home & Hospital,NaN,Baltimore County,TOWSON,MD 
Baltimore Design School,2,Baltimore city,BALTIMORE,MD 
Baltimore Highlands Elementary,3,Baltimore County,BALTIMORE,MD 
Baltimore I.T. Academy,2,Baltimore city,BALTIMORE,MD 
Baltimore International Academy,4,Baltimore city,BALTIMORE,MD 
Baltimore Leadership School for Young Women,3,Baltimore city,BALTIMORE,MD 
Baltimore Montessori Public Charter Middle School,4,Baltimore city,BALTIMORE,MD 
Baltimore Montessori Public Charter School,3,Baltimore city,BALTIMORE,MD 
Baltimore Polytechnic Institute,8,Baltimore city,BALTIMORE,MD 
Baltimore School for the Arts,7,Baltimore city,BALTIMORE,MD 
Banneker Blake Academy for Arts and Sciences,NaN,Baltimore city,BALTIMORE,MD 
Bannockburn Elementary,10,Montgomery County,BETHESDA,MD 
Barack Obama Elementary,5,Prince George's County,UPPER MARLBORO,MD 
Barbara Ingram School for the Arts,9,Washington County,HAGERSTOWN,MD 
Barclay Elementary/Middle,2,Baltimore city,BALTIMORE,MD 
Bard High School Early College,NaN,Baltimore city,BALTIMORE,MD 
Barnaby Manor Elementary,3,Prince George's County,OXON HILL,MD 
Barstow Elementary,6,Calvert County,PRINCE FREDERICK,MD 
Battle Grove Elementary,4,Baltimore County,BALTIMORE,MD 
Battle Monument School,NaN,Baltimore County,BALTIMORE,MD 
Bay View Elementary,4,Cecil County,NORTH EAST,MD 
Bay-Brook Elementary,1,Baltimore city,BALTIMORE,MD 
Bayside Elementary School,7,Queen Anne's County,STEVENSVILLE,MD 
BCDC Educational Center,NR,Baltimore County,TOWSON,MD 
Beach Elementary,8,Calvert County,CHESAPEAKE BEACH,MD 
Beacon Heights Elementary,3,Prince George's County,RIVERDALE,MD 
Beall Elementary,7,Allegany County,FROSTBURG,MD 
Beall Elementary,7,Montgomery County,ROCKVILLE,MD 
Bear Creek Elementary,4,Baltimore County,BALTIMORE,MD 
Beaver Run School,NaN,Wicomico County,SALISBURY,MD 
Bedford Elementary,4,Baltimore County,BALTIMORE,MD 
Beechfield Elementary,2,Baltimore city,BALTIMORE,MD 
Bel Air Elementary,9,Harford County,BEL AIR,MD 
Bel Air Elementary,5,Allegany County,CUMBERLAND,MD 
Bel Air High,8,Harford County,BEL AIR,MD 
Bel Air Middle,10,Harford County,BEL AIR,MD 
Bel Pre Elementary,NaN,Montgomery County,SILVER SPRING,MD 
Belle Grove Elementary,4,Anne Arundel County,BALTIMORE,MD 
Bellows Spring Elementary,7,Howard County,ELLICOTT CITY,MD 
Bells Mill Elementary,10,Montgomery County,POTOMAC,MD 
Belmont Elementary,9,Montgomery County,OLNEY,MD 
Belmont Elementary,1,Baltimore city,BALTIMORE,MD 
Beltsville Academy,6,Prince George's County,BELTSVILLE,MD 
Belvedere Elementary,8,Anne Arundel County,ARNOLD,MD 
Benfield Elementary,9,Anne Arundel County,SEVERNA PARK,MD 
Benjamin Banneker Elementary,5,St. Mary's County,LOVEVILLE,MD 
Benjamin Banneker Middle,6,Montgomery County,BURTONSVILLE,MD 
Benjamin D. Foulois Academy,6,Prince George's County,MORNINGSIDE,MD 
Benjamin Franklin High School at Masonville Cove,2,Baltimore city,BALTIMORE,MD 
Benjamin Stoddert Middle,NaN,Prince George's County,TEMPLE HILLS,MD 
Benjamin Stoddert Middle School,4,Charles County,WALDORF,MD 
Benjamin Tasker Middle School,3,Prince George's County,BOWIE,MD 
Bennett Middle,5,Wicomico County,FRUITLAND,MD 
Berkshire Elementary,4,Baltimore County,BALTIMORE,MD 
Berlin Intermediate,7,Worcester County,BERLIN,MD 
Berry Elementary School,7,Charles County,WALDORF,MD 
Berwyn Heights Elementary,3,Prince George's County,BERWYN HEIGHTS,MD 
Bester Elementary,2,Washington County,HAGERSTOWN,MD 
Bethesda Elementary,9,Montgomery County,BETHESDA,MD 
Bethesda-Chevy Chase High,6,Montgomery County,BETHESDA,MD 
Beverly Farms Elementary,8,Montgomery County,POTOMAC,MD 
Bladensburg Elementary,3,Prince George's County,BLADENSBURG,MD 
Bladensburg Evening/Saturday High,NaN,Prince George's County,BLADENSBURG,MD 
Bladensburg High,3,Prince George's County,BLADENSBURG,MD 
Bluford Drew Jemison STEM Academy West,NaN,Baltimore city,BALTIMORE,MD 
Bodkin Elementary,7,Anne Arundel County,PASADENA,MD 
Bohemia Manor High,4,Cecil County,CHESAPEAKE CITY,MD 
Bohemia Manor Middle,5,Cecil County,CHESAPEAKE CITY,MD 
Bollman Bridge Elementary,5,Howard County,JESSUP,MD 
Bond Mill Elementary,6,Prince George's County,LAUREL,MD 
Bonnie Branch Middle,7,Howard County,ELLICOTT CITY,MD 
Booker T. Washington Middle,1,Baltimore city,BALTIMORE,MD 
Boonsboro Elementary,6,Washington County,BOONSBORO,MD 
Boonsboro High,7,Washington County,BOONSBORO,MD 
Boonsboro Middle,7,Washington County,BOONSBORO,MD 
Bowie High,5,Prince George's County,BOWIE,MD 
Bradbury Heights Elementary,2,Prince George's County,CAPITAL HEIGHTS,MD 
Braddock Middle,6,Allegany County,CUMBERLAND,MD 
Bradley Hills Elementary,10,Montgomery County,BETHESDA,MD 
Brandywine Elementary,3,Prince George's County,BRANDYWINE,MD 
Brehms Lane Elementary,2,Baltimore city,BALTIMORE,MD 
Briggs Chaney Middle,6,Montgomery County,SILVER SPRING,MD 
Broad Acres Elementary,5,Montgomery County,SILVER SPRING,MD 
Broad Ford Elementary,5,Garrett County,OAKLAND,MD 
Broadneck Elementary,7,Anne Arundel County,ARNOLD,MD 
Broadneck High,8,Anne Arundel County,ANNAPOLIS,MD 
Brock Bridge Elementary,6,Anne Arundel County,LAUREL,MD 
Brooke Grove Elementary,8,Montgomery County,OLNEY,MD 
Brookhaven Elementary,5,Montgomery County,ROCKVILLE,MD 
Brooklyn Park Elementary,5,Anne Arundel County,BALTIMORE,MD 
Brooklyn Park Middle,6,Anne Arundel County,BALTIMORE,MD 
Brown Station Elementary,5,Montgomery County,GAITHERSBURG,MD 
Brunswick Elementary,7,Frederick County,BRUNSWICK,MD 
Brunswick High,7,Frederick County,BRUNSWICK,MD 
Brunswick Middle,7,Frederick County,BRUNSWICK,MD 
Bryant Woods Elementary,5,Howard County,COLUMBIA,MD 
Buck Lodge Middle,3,Prince George's County,ADELPHI,MD 
Buckingham Elementary,8,Worcester County,BERLIN,MD 
Burleigh Manor Middle School,8,Howard County,ELLICOTT CITY,MD 
Burning Tree Elementary,9,Montgomery County,BETHESDA,MD 
Burnt Mills Elementary,5,Montgomery County,SILVER SPRING,MD 
Burtonsville Elementary,6,Montgomery County,BURTONSVILLE,MD 
Bushy Park Elementary,10,Howard County,GLENWOOD,MD 
C. Elizabeth Rieg Regional Center,1,Prince George's County,MITCHELLVILLE,MD 
C. Milton Wright High,8,Harford County,BEL AIR,MD 
C. Paul Barnhart Elementary School,6,Charles County,WALDORF,MD 
Cabin John Middle School,9,Montgomery County,POTOMAC,MD 
Callaway Elementary,2,Baltimore city,BALTIMORE,MD 
Calvert Country School,NaN,Calvert County,PRINCE FREDERICK,MD 
Calvert County Alternative School,NaN,Calvert County,PRINCE FREDERICK,MD 
Calvert Elementary,5,Cecil County,RISING SUN,MD 
Calvert Elementary,7,Calvert County,PRINCE FREDERICK,MD 
Calvert High,6,Calvert County,PRINCE FREDERICK,MD 
Calvert Middle,6,Calvert County,PRINCE FREDERICK,MD 
Calverton,1,Baltimore city,BALTIMORE,MD 
Calverton Elementary,4,Prince George's County,BELTSVILLE,MD 
Calvin M. Rodwell Elementary,3,Baltimore city,BALTIMORE,MD 
Cambridge-South Dorchester High School,4,Dorchester County,CAMBRIDGE,MD 
Campfield Early Childhood Center,NaN,Baltimore County,BALTIMORE,MD 
Candlewood Elementary,8,Montgomery County,ROCKVILLE,MD 
Cannon Road Elementary,5,Montgomery County,SILVER SPRING,MD 
Cape St. Claire Elementary,9,Anne Arundel County,ANNAPOLIS,MD 
Capitol Heights Elementary,7,Prince George's County,CAPITOL HEIGHTS,MD 
Captain James E. Daly Elementary,4,Montgomery County,GERMANTOWN,MD 
Captain Walter Francis Duke Elementary,8,St. Mary's County,LEONARDTOWN,MD 
Carderock Springs Elementary,9,Montgomery County,BETHESDA,MD 
Career and Technology Academy,NaN,Calvert County,PRINCE FREDERICK,MD 
Carl Sandburg Center,NaN,Montgomery County,ROCKVILLE,MD 
Carmody Hills Elementary,2,Prince George's County,CAPITOL HEIGHTS,MD 
Carney Elementary,4,Baltimore County,BALTIMORE,MD 
Carole Highlands Elementary,4,Prince George's County,TAKOMA PARK,MD 
Caroline Career & Technology Center,NaN,Caroline County,RIDGELY,MD 
Carroll County Career & Technology Center,NaN,Carroll County,WESTMINSTER,MD 
Carroll Creek Montessori Public Charter School,NR,Frederick County,FREDERICK,MD 
Carroll Manor Elementary,8,Frederick County,ADAMSTOWN,MD 
Carroll Manor Elementary,9,Baltimore County,BALDWIN,MD 
Carroll Springs School,NaN,Carroll County,WESTMINSTER,MD 
Carrollton Elementary,3,Prince George's County,NEW CARROLLTON,MD 
Carrolltowne Elementary,8,Carroll County,SYKESVILLE,MD 
Carter G Woodson Elementary,3,Somerset County,CRISFIELD,MD 
Carver Vocational-Technical High,3,Baltimore city,BALTIMORE,MD 
Cascade Elementary,6,Washington County,CASCADE,MD 
Cash Valley Elementary,7,Allegany County,LAVALE,MD 
Cashell Elementary,9,Montgomery County,ROCKVILLE,MD 
Catherine T. Reed Elementary,3,Prince George's County,LANHAM,MD 
Catoctin High,7,Frederick County,THURMONT,MD 
Catonsville Center for Alternative Studies,NaN,Baltimore County,BALTIMORE,MD 
Catonsville Elementary,4,Baltimore County,CATONSVILLE,MD 
Catonsville High,7,Baltimore County,BALTIMORE,MD 
Catonsville Middle,6,Baltimore County,CATONSVILLE,MD 
Cecil County School of Technology,NaN,Cecil County,NORTH EAST,MD 
Cecil Elementary,4,Baltimore city,BALTIMORE,MD 
Cecil Manor Elementary,3,Cecil County,ELKTON,MD 
Cecilton Elementary,5,Cecil County,CECILTON,MD 
Cedar Chapel Special School,NaN,Worcester County,SNOW HILL,MD 
Cedar Grove Elementary,9,Montgomery County,GERMANTOWN,MD 
Cedar Lane Special Center,NaN,Howard County,FULTON,MD 
Cedarmere Elementary,4,Baltimore County,REISTERSTOWN,MD 
Centennial High,9,Howard County,ELLICOTT CITY,MD 
Centennial Lane Elementary,9,Howard County,ELLICOTT CITY,MD 
Center for Career & Technical Education,6,Allegany County,CRESAPTOWN,MD 
Center for Educational Opportunity,NaN,Harford County,ABERDEEN,MD 
Center of Applied Technology-North,NaN,Anne Arundel County,SEVERN,MD 
Center of Applied Technology-South,NaN,Anne Arundel County,EDGEWATER,MD 
Centerville Elementary,9,Frederick County,FREDERICK,MD 
Central Elementary,9,Anne Arundel County,EDGEWATER,MD 
Central High,2,Prince George's County,CAPITOL HEIGHTS,MD 
Central Middle,9,Anne Arundel County,EDGEWATER,MD 
Central Special School,NaN,Anne Arundel County,EDGEWATER,MD 
Centreville Elementary School,NaN,Queen Anne's County,CENTREVILLE,MD 
Centreville Middle School,8,Queen Anne's County,CENTREVILLE,MD 
Century High,10,Carroll County,SYKESVILLE,MD 
Cesar Chavez Elementary,6,Prince George's County,HYATTSVILLE,MD 
Chadwick Elementary,7,Baltimore County,BALTIMORE,MD 
Chapel District Elementary,NaN,Talbot County,CORDOVA,MD 
Chapel Forge Early Childhood Center,NaN,Prince George's County,BOWIE,MD 
Chapel Hill Elementary,10,Baltimore County,PERRY HALL,MD 
Charles Carroll Barrister Elementary,3,Baltimore city,BALTIMORE,MD 
Charles Carroll Elementary,7,Carroll County,WESTMINSTER,MD 
Charles Carroll Middle,6,Prince George's County,NEW CARROLLTON,MD 
Charles H. Chipman Elementary,NaN,Wicomico County,SALISBURY,MD 
Charles Herbert Flowers High,5,Prince George's County,SPRINGDALE,MD 
Charlesmont Elementary,5,Baltimore County,BALTIMORE,MD 
Charlestown Elementary,5,Cecil County,CHARLESTOWN,MD 
Chase Elementary,5,Baltimore County,BALTIMORE,MD 
Chatsworth School,5,Baltimore County,REISTERSTOWN,MD 
Cherokee Lane Elementary,4,Prince George's County,ADELPHI,MD 
Cherry Hill Elementary/Middle,1,Baltimore city,BALTIMORE,MD 
Cherry Hill Middle,6,Cecil County,ELKTON,MD 
Chesapeake Bay Middle,6,Anne Arundel County,PASADENA,MD 
Chesapeake Charter School,8,St. Mary's County,LEXINGTON PARK,MD 
Chesapeake City Elementary,5,Cecil County,CHESAPEAKE CITY,MD 
Chesapeake High,3,Baltimore County,BALTIMORE,MD 
Chesapeake High,6,Anne Arundel County,PASADENA,MD 
Chesapeake Math and IT Elementary Public Charter,8,Prince George's County,LAUREL,MD 
Chesapeake Math and IT Public Charter,5,Prince George's County,LAUREL,MD 
Chesapeake Math and IT South Public Charter,8,Prince George's County,UPPER MARLBORO,MD 
Chesapeake Science Point,9,Anne Arundel County,HANOVER,MD 
Chesapeake Terrace Elementary,NaN,Baltimore County,BALTIMORE,MD 
Chevy Chase Elementary,8,Montgomery County,CHEVY CHASE,MD 
Chillum Elementary,3,Prince George's County,HYATTSVILLE,MD 
Choptank Elementary School,4,Dorchester County,CAMBRIDGE,MD 
Chopticon High,7,St. Mary's County,MORGANZA,MD 
Church Creek Elementary,7,Harford County,BELCAMP,MD 
Church Hill Elementary School,NaN,Queen Anne's County,CHURCH HILL,MD 
Church Lane Elementary Technology,5,Baltimore County,RANDALLSTOWN,MD 
Churchville Elementary,9,Harford County,CHURCHVILLE,MD 
City Neighbors Charter School,3,Baltimore city,BALTIMORE,MD 
City Neighbors Hamilton,3,Baltimore city,BALTIMORE,MD 
City Neighbors High School,2,Baltimore city,BALTIMORE,MD 
City Springs Elementary,1,Baltimore city,BALTIMORE,MD 
Claremont School,NaN,Baltimore city,BALTIMORE,MD 
Clarksburg Elementary,7,Montgomery County,CLARKSBURG,MD 
Clarksburg High,7,Montgomery County,CLARKSBURG,MD 
Clarksville Elementary,9,Howard County,CLARKSVILLE,MD 
Clarksville Middle,9,Howard County,CLARKSVILLE,MD 
Clear Spring Elementary,5,Washington County,CLEAR SPRING,MD 
Clear Spring High,7,Washington County,CLEAR SPRING,MD 
Clear Spring Middle,7,Washington County,CLEAR SPRING,MD 
Clearspring Elementary,7,Montgomery County,DAMASCUS,MD 
Clemens Crossing Elementary,9,Howard County,COLUMBIA,MD 
Clinton Grove Elementary,2,Prince George's County,CLINTON,MD 
Clopper Mill Elementary,3,Montgomery County,GERMANTOWN,MD 
Cloverly Elementary,6,Montgomery County,SILVER SPRING,MD 
Cockeysville Middle,7,Baltimore County,COCKEYSVILLE,MD 
Col. E. Brooke Lee Middle,5,Montgomery County,SILVER SPRING,MD 
Col. Zadok Magruder High,6,Montgomery County,ROCKVILLE,MD 
Cold Spring Elementary,9,Montgomery County,POTOMAC,MD 
Coldstream Park Elementary,1,Baltimore city,BALTIMORE,MD 
Colgate Elementary,2,Baltimore County,BALTIMORE,MD 
College Gardens Elementary,8,Montgomery County,ROCKVILLE,MD 
College Park Academy,NaN,Prince George's County,HYATTSVILLE,MD 
Collington Square Elementary,1,Baltimore city,BALTIMORE,MD 
Colonel Richardson High School,4,Caroline County,FEDERALSBURG,MD 
Colonel Richardson Middle School,6,Caroline County,FEDERALSBURG,MD 
Columbia Park Elementary,2,Prince George's County,LANDOVER,MD 
Commodore John Rogers Elementary,3,Baltimore city,BALTIMORE,MD 
Community Based Classrooms,3,Prince George's County,BLADENSBURG,MD 
Concord Elementary,3,Prince George's County,DISTRICT HEIGHTS,MD 
ConneXions: A  Community Based Arts School,1,Baltimore city,BALTIMORE,MD 
Conococheague Elementary,NaN,Washington County,HAGERSTOWN,MD 
Conowingo Elementary,5,Cecil County,CONOWINGO,MD 
Cool Spring Elementary,3,Prince George's County,ADELPHI,MD 
Cooper Lane Elementary,3,Prince George's County,LANDOVER HILLS,MD 
Coppin Academy,4,Baltimore city,BALTIMORE,MD 
Cora L. Rice Elementary,1,Prince George's County,LANDOVER,MD 
Corkran Middle School,5,Anne Arundel County,GLEN BURNIE,MD 
Cradlerock Elementary,NaN,Howard County,COLUMBIA,MD 
Cranberry Station Elementary,5,Carroll County,WESTMINSTER,MD 
Creative City Public Charter School,NaN,Baltimore city,BALTIMORE,MD 
Crellin Elementary,5,Garrett County,OAKLAND,MD 
Cresaptown Elementary,6,Allegany County,CRESAPTOWN,MD 
Cresthaven Elementary,4,Montgomery County,SILVER SPRING,MD 
Crestwood Middle,6,Frederick County,FREDERICK,MD 
Crisfield Academy and High School,5,Somerset County,CRISFIELD,MD 
Crofton Elementary,8,Anne Arundel County,CROFTON,MD 
Crofton Meadows Elementary,8,Anne Arundel County,CROFTON,MD 
Crofton Middle,8,Anne Arundel County,GAMBRILLS,MD 
Crofton Woods Elementary,10,Anne Arundel County,CROFTON,MD 
Cromwell Valley Elementary Technology,8,Baltimore County,BALTIMORE,MD 
Croom High,1,Prince George's County,CHELTENHAM,MD 
Cross Country Elementary,4,Baltimore city,BALTIMORE,MD 
Crossland Evening/Saturday High,1,Prince George's County,TEMPLE HILLS,MD 
Crossland High,2,Prince George's County,TEMPLE HILLS,MD 
Crossroads Center,NaN,Baltimore County,BALTIMORE,MD 
Crossroads Middle School,NaN,Carroll County,WESTMINSTER,MD 
Curtis Bay Elementary,2,Baltimore city,BALTIMORE,MD 
Dallas F. Nicholas Sr. Elementary,1,Baltimore city,BALTIMORE,MD 
Damascus Elementary,6,Montgomery County,DAMASCUS,MD 
Damascus High,8,Montgomery County,DAMASCUS,MD 
Daniel of St. Thomas Jenifer Elementary School,5,Charles County,WALDORF,MD 
Darlington Elementary,8,Harford County,DARLINGTON,MD 
Darnestown Elementary,8,Montgomery County,GAITHERSBURG,MD 
Davidsonville Elementary,NaN,Anne Arundel County,DAVIDSONVILLE,MD 
Dayton Oaks,10,Howard County,DAYTON,MD 
Deal Island School,5,Somerset County,DEAL ISLAND,MD 
Deale Elementary,NaN,Anne Arundel County,DEALE,MD 
Deep Creek Elementary,1,Baltimore County,BALTIMORE,MD 
Deep Creek Middle,3,Baltimore County,BALTIMORE,MD 
Deep Run Elementary,4,Howard County,ELKRIDGE,MD 
Deer Crossing Elementary,NaN,Frederick County,NEW MARKET,MD 
Deer Park Elementary,4,Baltimore County,OWINGS MILLS,MD 
Deer Park Middle Magnet School,4,Baltimore County,RANDALLSTOWN,MD 
Deerfield Elementary,5,Harford County,EDGEWOOD,MD 
Deerfield Run Elementary,3,Prince George's County,LAUREL,MD 
Delmar Elementary,6,Wicomico County,DELMAR,MD 
Denton Elementary School,7,Caroline County,DENTON,MD 
Diamond Elementary,9,Montgomery County,GAITHERSBURG,MD 
Dickey Hill Elementary/Middle,3,Baltimore city,BALTIMORE,MD 
Digital Harbor High School,2,Baltimore city,BALTIMORE,MD 
District Heights Elementary,1,Prince George's County,DISTRICT HEIGHTS,MD 
Dodge Park Elementary,2,Prince George's County,LANDOVER,MD 
Dogwood Elementary,4,Baltimore County,BALTIMORE,MD 
Dora Kennedy French Immersion,NR,Prince George's County,SEABROOK,MD 
Dorchester County Career and Technology Center,NaN,Dorchester County,CAMBRIDGE,MD 
Doswell E. Brooks Elementary,4,Prince George's County,CAPITAL HEIGHTS,MD 
Dowell Elementary,6,Calvert County,LUSBY,MD 
Dr. Bernard Harris Sr. Elementary,1,Baltimore city,BALTIMORE,MD 
Dr. Carter Godwin Woodson,1,Baltimore city,BALTIMORE,MD 
Dr. Charles R. Drew Elementary,8,Montgomery County,SILVER SPRING,MD 
Dr. Gustavus Brown Elementary,6,Charles County,WALDORF,MD 
Dr. Henry A. Wise Jr. High,3,Prince George's County,UPPER MARLBORO,MD 
Dr. James A. Forrest Career and Technology Center,NaN,St. Mary's County,LEONARDTOWN,MD 
Dr. James Craik Elementary School,9,Charles County,POMFRET,MD 
Dr. Martin Luther King Jr. Elementary,1,Baltimore city,BALTIMORE,MD 
Dr. Nathan A. Pitts-Ashburton Elementary/Middle,2,Baltimore city,BALTIMORE,MD 
Dr. Rayner Browne Elementary,NaN,Baltimore city,BALTIMORE,MD 
Dr. Sally K. Ride Elementary,5,Montgomery County,GERMANTOWN,MD 
Dr. Samuel A. Mudd Elementary School,5,Charles County,WALDORF,MD 
Dr. Thomas L. Higdon Elementary,7,Charles County,NEWBURG,MD 
Drew Freeman Middle,3,Prince George's County,SUITLAND,MD 
Dublin Elementary,7,Harford County,STREET,MD 
Ducketts Lane,6,Howard County,ELKRIDGE,MD 
DuFief Elementary,8,Montgomery County,GAITHERSBURG,MD 
Dulaney High,8,Baltimore County,TIMONIUM,MD 
Dumbarton Middle,7,Baltimore County,BALTIMORE,MD 
Dundalk Elementary,3,Baltimore County,BALTIMORE,MD 
Dundalk High,3,Baltimore County,BALTIMORE,MD 
Dundalk Middle,3,Baltimore County,BALTIMORE,MD 
Dunloggin Middle,8,Howard County,ELLICOTT CITY,MD 
Duval High,4,Prince George's County,LANHAM,MD 
Dwight D. Eisenhower Middle,3,Prince George's County,LAUREL,MD 
Dynard Elementary,4,St. Mary's County,CHAPTICO,MD 
E. Russell Hicks Middle,5,Washington County,HAGERSTOWN,MD 
Eager Street Academy,NaN,Baltimore city,BALTIMORE,MD 
Earle B. Wood Middle,7,Montgomery County,ROCKVILLE,MD 
East Salisbury Elementary,4,Wicomico County,SALISBURY,MD 
East Silver Spring Elementary,5,Montgomery County,SILVER SPRING,MD 
Eastern Elementary,5,Washington County,HAGERSTOWN,MD 
Eastern Middle School,7,Montgomery County,SILVER SPRING,MD 
Eastern Technical High School,10,Baltimore County,BALTIMORE,MD 
Easton Elementary,5,Talbot County,EASTON,MD 
Easton High,6,Talbot County,EASTON,MD 
Easton Middle,5,Talbot County,EASTON,MD 
Eastport Elementary,5,Anne Arundel County,ANNAPOLIS,MD 
Ebb Valley Elementary,7,Carroll County,MANCHESTER,MD 
Edgecombe Circle Elementary,1,Baltimore city,BALTIMORE,MD 
Edgemere Elementary,5,Baltimore County,BALTIMORE,MD 
Edgewater Elementary,7,Anne Arundel County,EDGEWATER,MD 
Edgewood Elementary,3,Harford County,EDGEWOOD,MD 
Edgewood Elementary,2,Baltimore city,BALTIMORE,MD 
Edgewood High,5,Harford County,EDGEWOOD,MD 
Edgewood Middle,5,Harford County,EDGEWOOD,MD 
Edmondson Heights Elementary,2,Baltimore County,BALTIMORE,MD 
Edmondson-Westside High,3,Baltimore city,BALTIMORE,MD 
Edward M. Felegy ES,NR,Prince George's County,HYATTSVILLE,MD 
Eldersburg Elementary,8,Carroll County,SYKESVILLE,MD 
Eleanor Roosevelt High,7,Prince George's County,GREENBELT,MD 
Elk Neck Elementary,5,Cecil County,ELKTON,MD 
Elkridge Elementary,6,Howard County,ELKRIDGE,MD 
Elkridge Landing Middle,8,Howard County,ELKRIDGE,MD 
Elkton High,4,Cecil County,ELKTON,MD 
Elkton Middle,4,Cecil County,ELKTON,MD 
Ellicott Mills Middle,9,Howard County,ELLICOTT CITY,MD 
Elmer A. Henderson: A Johns Hopkins Partnership Sc,2,Baltimore city,BALTIMORE,MD 
Elmer A. Wolfe Elementary,6,Carroll County,UNION BRIDGE,MD 
Elmwood Elementary,3,Baltimore County,BALTIMORE,MD 
Emma K. Doub Elementary,5,Washington County,HAGERSTOWN,MD 
Emmitsburg Elementary,5,Frederick County,EMMITSBURG,MD 
Emmorton Elementary,8,Harford County,BEL AIR,MD 
Empowerment Academy,2,Baltimore city,BALTIMORE,MD 
Ernest Everett Just Middle,4,Prince George's County,MITCHELLVILLE,MD 
Esperanza Middle,7,St. Mary's County,LEXINGTON PARK,MD 
Essex Elementary,5,Baltimore County,BALTIMORE,MD 
Eutaw-Marshburn Elementary,2,Baltimore city,BALTIMORE,MD 
Eva Turner Elementary School,3,Charles County,WALDORF,MD 
Evening High School,NaN,Washington County,HAGERSTOWN,MD 
Evergreen Elementary School,7,St. Mary's County,CALIFORNIA,MD 
Ewell School,NaN,Somerset County,WESTOVER,MD 
Excel Academy @ Francis M. Wood High,NaN,Baltimore city,BALTIMORE,MD 
Excel Academy Public Charter,4,Prince George's County,LANDOVER,MD 
Extended Day Learning Program,NaN,Baltimore County,TOWSON,MD 
F. B. Gwynn Educational Center,NaN,Charles County,LA PLATA,MD 
Fairland Elementary,5,Montgomery County,SILVER SPRING,MD 
Fairmont Heights High,3,Prince George's County,CAPITOL HEIGHTS,MD 
Fallsmead Elementary,9,Montgomery County,ROCKVILLE,MD 
Fallstaff Elementary,1,Baltimore city,BALTIMORE,MD 
Fallston High,9,Harford County,FALLSTON,MD 
Fallston Middle School,9,Harford County,FALLSTON,MD 
Farmland Elementary,9,Montgomery County,ROCKVILLE,MD 
Featherbed Lane Elementary,3,Baltimore County,BALTIMORE,MD 
Federal Hill Preparatory School,4,Baltimore city,BALTIMORE,MD 
Federalsburg Elementary School,4,Caroline County,FEDERALSBURG,MD 
Ferndale Early Education Center,NaN,Anne Arundel County,GLEN BURNIE,MD 
Fields Road Elementary,7,Montgomery County,GAITHERSBURG,MD 
Fifth District Elementary,8,Baltimore County,UPPERCO,MD 
Flexible Student Support,NaN,Carroll County,WESTMINSTER,MD 
Flintstone Elementary,6,Allegany County,FLINTSTONE,MD 
Flintstone Elementary,2,Prince George's County,OXON HILL,MD 
Flora M. Singer Elementary School,6,Montgomery County,SILVER SPRING,MD 
Flower Hill Elementary,4,Montgomery County,GAITHERSBURG,MD 
Flower Valley Elementary,7,Montgomery County,ROCKVILLE,MD 
Folger Mckinsey Elementary,9,Anne Arundel County,SEVERNA PARK,MD 
Folly Quarter Middle,9,Howard County,ELLICOTT CITY,MD 
Forest Heights Elementary,2,Prince George's County,OXON HILL,MD 
Forest Hill Elementary,9,Harford County,FOREST HILL,MD 
Forest Knolls Elementary,6,Montgomery County,SILVER SPRING,MD 
Forest Lakes Elementary,8,Harford County,FOREST HILL,MD 
Forest Oak Middle,5,Montgomery County,GAITHERSBURG,MD 
Forest Park High,2,Baltimore city,BALTIMORE,MD 
Forest Ridge Elementary,5,Howard County,LAUREL,MD 
Forestville High,2,Prince George's County,FORESTVILLE,MD 
Fort Foote Elementary,3,Prince George's County,FORT WASHINGTON,MD 
Fort Garrison Elementary,7,Baltimore County,BALTIMORE,MD 
Fort Hill High,5,Allegany County,CUMBERLAND,MD 
Fort Smallwood Elementary,7,Anne Arundel County,PASADENA,MD 
Fort Washington Forest Elementary,4,Prince George's County,FORT WASHINGTON,MD 
Fort Worthington Elementary,1,Baltimore city,BALTIMORE,MD 
Fountain Green Elementary,8,Harford County,BEL AIR,MD 
Fountain Rock Elementary,5,Washington County,HAGERSTOWN,MD 
Fountaindale Elementary,7,Washington County,HAGERSTOWN,MD 
Four Seasons Elementary,9,Anne Arundel County,GAMBRILLS,MD 
Fox Chapel Elementary,7,Montgomery County,GERMANTOWN,MD 
Frances Fuchs Early Childhood Center,NaN,Prince George's County,BELTSVILLE,MD 
Francis Scott Key Elementary,3,Prince George's County,DISTRICT HEIGHTS,MD 
Francis Scott Key Elementary/Middle,NaN,Baltimore city,BALTIMORE,MD 
Francis Scott Key High,7,Carroll County,UNION BRIDGE,MD 
Francis Scott Key Middle,4,Montgomery County,SILVER SPRING,MD 
Francis T. Evans Elementary,4,Prince George's County,CLINTON,MD 
Franklin Elementary,7,Baltimore County,REISTERSTOWN,MD 
Franklin High,7,Baltimore County,REISTERSTOWN,MD 
Franklin Middle,5,Baltimore County,REISTERSTOWN,MD 
Franklin Square Elementary,2,Baltimore city,BALTIMORE,MD 
Frederick Classical Charter School,NR,Frederick County,FREDERICK,MD 
Frederick County Career & Technology Center,NaN,Frederick County,FREDERICK,MD 
Frederick County Virtual School,NR,Frederick County,FREDERICK,MD 
Frederick Douglass High,1,Baltimore city,BALTIMORE,MD 
Frederick Douglass High,4,Prince George's County,UPPER MARLBORO,MD 
Frederick Elementary,NaN,Baltimore city,BALTIMORE,MD 
Frederick High,5,Frederick County,FREDERICK,MD 
Freedom District Elementary,8,Carroll County,SYKESVILLE,MD 
Freetown Elementary,5,Anne Arundel County,GLEN BURNIE,MD 
Friendly High,3,Prince George's County,FORT WASHINGTON,MD 
Friendship Academy of Engineering and Technology,2,Baltimore city,BALTIMORE,MD 
Friendship Valley Elementary,7,Carroll County,WESTMINSTER,MD 
Friendsville Elementary,4,Garrett County,FRIENDSVILLE,MD 
Frost Elementary,9,Allegany County,FROSTBURG,MD 
Fruitland Intermediate,4,Wicomico County,FRUITLAND,MD 
Fruitland Primary,NaN,Wicomico County,FRUITLAND,MD 
Fullerton Elementary,6,Baltimore County,BALTIMORE,MD 
Fulton Elementary,9,Howard County,FULTON,MD 
Funkstown Elementary,NaN,Washington County,HAGERSTOWN,MD 
Furley Elementary,2,Baltimore city,BALTIMORE,MD 
Furman Templeton Preparatory Academy,2,Baltimore city,BALTIMORE,MD 
G. James Gholson Middle,3,Prince George's County,LANDOVER,MD 
G. Lisby Elementary at Hillsdale,5,Harford County,ABERDEEN,MD 
Gaithersburg Elementary,3,Montgomery County,GAITHERSBURG,MD 
Gaithersburg High,3,Montgomery County,GAITHERSBURG,MD 
Gaithersburg Middle,4,Montgomery County,GAITHERSBURG,MD 
Gale-Bailey Elementary School,6,Charles County,MARBURY,MD 
Galena Elementary School,6,Kent County,GALENA,MD 
Galway Elementary,6,Montgomery County,SILVER SPRING,MD 
Gardenville Elementary,1,Baltimore city,BALTIMORE,MD 
Garrett Heights Elementary,2,Baltimore city,BALTIMORE,MD 
Garrett Park Elementary,7,Montgomery County,KENSINGTON,MD 
Gateway School,NaN,Carroll County,WESTMINSTER,MD 
Gateway to College Program,NaN,Montgomery County,ROCKVILLE,MD 
Gaywood Elementary,3,Prince George's County,SEABROOK,MD 
General John Stricker Middle,4,Baltimore County,BALTIMORE,MD 
General Smallwood Middle School,4,Charles County,INDIAN HEAD,MD 
George Fox Middle,5,Anne Arundel County,PASADENA,MD 
George T. Cromwell Elementary,6,Anne Arundel County,GLEN BURNIE,MD 
George W. Carver Center for Arts & Technology,10,Baltimore County,TOWSON,MD 
George W. F. McMechen,1,Baltimore city,BALTIMORE,MD 
George Washington Carver Elementary,3,St. Mary's County,GREAT MILLS,MD 
George Washington Elementary,2,Baltimore city,BALTIMORE,MD 
George's Creek Elementary,5,Allegany County,LONACONING,MD 
Georgetown East Elementary,3,Anne Arundel County,ANNAPOLIS,MD 
Georgian Forest Elementary,4,Montgomery County,SILVER SPRING,MD 
Germantown Elementary,6,Montgomery County,GERMANTOWN,MD 
Germantown Elementary,3,Anne Arundel County,ANNAPOLIS,MD 
Gilmor Elementary,1,Baltimore city,BALTIMORE,MD 
Gilpin Manor Elementary,2,Cecil County,ELKTON,MD 
Glade Elementary,8,Frederick County,WALKERSVILLE,MD 
Gladys Noon Spellman Elementary,4,Prince George's County,CHEVERLY,MD 
Glassmanor Elementary,3,Prince George's County,OXON HILL,MD 
Glen Avenue School,3,Wicomico County,SALISBURY,MD 
Glen Burnie High,3,Anne Arundel County,GLEN BURNIE,MD 
Glen Burnie Park Elementary,5,Anne Arundel County,GLEN BURNIE,MD 
Glen Haven Elementary,7,Montgomery County,SILVER SPRING,MD 
Glenallan Elementary,5,Montgomery County,SILVER SPRING,MD 
Glenarden Woods Elementary,10,Prince George's County,GLENARDEN,MD 
Glendale Elementary,5,Anne Arundel County,GLEN BURNIE,MD 
Glenelg High,10,Howard County,GLENELG,MD 
Glenmar Elementary,3,Baltimore County,BALTIMORE,MD 
Glenmount Elementary/Middle,2,Baltimore city,BALTIMORE,MD 
Glenn Dale Elementary,6,Prince George's County,GLENN DALE,MD 
Glenridge Elementary,4,Prince George's County,LANDOVER HILLS,MD 
Glenwood Middle,8,Howard County,GLENWOOD,MD 
Glyndon Elementary,4,Baltimore County,REISTERSTOWN,MD 
Golden Ring Middle,3,Baltimore County,BALTIMORE,MD 
Gorman Crossing Elementary,7,Howard County,LAUREL,MD 
Goshen Elementary,5,Montgomery County,GAITHERSBURG,MD 
Gov. Thomas Johnson High,6,Frederick County,FREDERICK,MD 
Gov. Thomas Johnson Middle,6,Frederick County,FREDERICK,MD 
Govans Elementary,2,Baltimore city,BALTIMORE,MD 
Graceland Park/O'Donnel Heights Elementary,2,Baltimore city,BALTIMORE,MD 
Grange Elementary,3,Baltimore County,BALTIMORE,MD 
Grantsville Elementary,5,Garrett County,GRANTSVILLE,MD 
Grasonville Elementary School,7,Queen Anne's County,GRASONVILLE,MD 
Great Mills High,6,St. Mary's County,GREAT MILLS,MD 
Great Seneca Creek Elementary,4,Montgomery County,GERMANTOWN,MD 
Green Holly Elementary School,5,St. Mary's County,LEXINGTON PARK,MD 
Green Street Academy,2,Baltimore city,BALTIMORE,MD 
Green Valley Academy at Edgar Allan Poe,NaN,Prince George's County,SUITLAND,MD 
Green Valley Elementary,8,Frederick County,MONROVIA,MD 
Greenbelt Elementary,5,Prince George's County,GREENBELT,MD 
Greenbelt Middle,5,Prince George's County,GREENBELT,MD 
Greenbrier Elementary,8,Washington County,BOONSBORO,MD 
Greencastle Elementary,3,Montgomery County,SILVER SPRING,MD 
Greensboro Elementary School,6,Caroline County,GREENSBORO,MD 
Greenview Knolls Elementary,5,St. Mary's County,GREAT MILLS,MD 
Greenwood Elementary,7,Montgomery County,BROOKEVILLE,MD 
Greenwood Elementary School,4,Somerset County,PRINCESS ANNE,MD 
Grove Park Elementary,3,Baltimore city,BALTIMORE,MD 
Guilford Elementary,5,Howard County,COLUMBIA,MD 
Guilford Elementary/Middle,1,Baltimore city,BALTIMORE,MD 
Gunpowder Elementary,6,Baltimore County,BALTIMORE,MD 
Gwynn Park High,3,Prince George's County,BRANDYWINE,MD 
Gwynn Park Middle,4,Prince George's County,BRANDYWINE,MD 
Gwynns Falls Elementary,3,Baltimore city,BALTIMORE,MD 
H. H. Garnett Elementary,4,Kent County,CHESTERTOWN,MD 
H. W. Wheatley Early Childhood Center,NaN,Prince George's County,CAPITOL HEIGHTS,MD 
Halethorpe Elementary,4,Baltimore County,HALETHORPE,MD 
Halls Cross Roads Elementary,3,Harford County,ABERDEEN,MD 
Halstead Academy,3,Baltimore County,BALTIMORE,MD 
Hamilton Elementary/Middle,5,Baltimore city,BALTIMORE,MD 
Hammond Elementary,6,Howard County,LAUREL,MD 
Hammond High,6,Howard County,COLUMBIA,MD 
Hammond Middle School,8,Howard County,LAUREL,MD 
Hampden,6,Baltimore city,BALTIMORE,MD 
Hampstead Elementary,NaN,Carroll County,HAMPSTEAD,MD 
Hampstead Hill Academy,4,Baltimore city,BALTIMORE,MD 
Hampton Elementary,7,Baltimore County,LUTHERVILLE,MD 
Hancock Elementary,6,Washington County,HANCOCK,MD 
Hancock Middle Senior High,5,Washington County,HANCOCK,MD 
Harford Heights Elementary,2,Baltimore city,BALTIMORE,MD 
Harford Hills Elementary,6,Baltimore County,BALTIMORE,MD 
Harford Technical High,8,Harford County,BEL AIR,MD 
Harlem Park Elementary,1,Baltimore city,BALTIMORE,MD 
Harmony Hills Elementary,4,Montgomery County,SILVER SPRING,MD 
Harpers Choice Middle,5,Howard County,COLUMBIA,MD 
Havre de Grace Elementary,6,Harford County,HAVRE DE GRACE,MD 
Havre de Grace High,7,Harford County,HAVRE DE GRACE,MD 
Havre de Grace Middle,7,Harford County,HAVRE DE GRACE,MD 
Hawthorne Elementary,3,Baltimore County,BALTIMORE,MD 
Hazelwood Elementary/Middle,2,Baltimore city,BALTIMORE,MD 
Heather Hills Elementary,9,Prince George's County,BOWIE,MD 
Heather Ridge High School,NaN,Frederick County,FREDERICK,MD 
Heather Ridge Middle School,NaN,Frederick County,FREDERICK,MD 
Hebbville Elementary,4,Baltimore County,BALTIMORE,MD 
Hebron - Harman Elementary,5,Anne Arundel County,HANOVER,MD 
Henry E. Lackey High School,5,Charles County,INDIAN HEAD,MD 
Herbert Hoover Middle,10,Montgomery County,POTOMAC,MD 
Hereford High,9,Baltimore County,PARKTON,MD 
Hereford Middle,9,Baltimore County,MONKTON,MD 
Heritage High School,2,Baltimore city,BALTIMORE,MD 
Hernwood Elementary,4,Baltimore County,RANDALLSTOWN,MD 
Hickory Elementary,3,Washington County,WILLIAMSPORT,MD 
Hickory Elementary,8,Harford County,BEL AIR,MD 
High Bridge Elementary,4,Prince George's County,BOWIE,MD 
High Point Elementary,6,Anne Arundel County,PASADENA,MD 
High Point High,2,Prince George's County,BELTSVILLE,MD 
Highland Elementary,6,Montgomery County,SILVER SPRING,MD 
Highland Park Elementary,5,Prince George's County,LANDOVER,MD 
Highland View Elementary,5,Montgomery County,SILVER SPRING,MD 
Highlandtown Elementary #215,2,Baltimore city,BALTIMORE,MD 
Highlandtown Elementary #237,2,Baltimore city,BALTIMORE,MD 
Hillcrest Elementary,7,Baltimore County,BALTIMORE,MD 
Hillcrest Elementary,3,Frederick County,FREDERICK,MD 
Hillcrest Heights Elementary,2,Prince George's County,TEMPLE HILLS,MD 
Hillsmere Elementary,7,Anne Arundel County,ANNAPOLIS,MD 
Hilltop Elementary,4,Anne Arundel County,GLEN BURNIE,MD 
Hilton Elementary,5,Baltimore city,BALTIMORE,MD 
Holabird Elementary,2,Baltimore city,BALTIMORE,MD 
Holabird Middle,3,Baltimore County,BALTIMORE,MD 
Hollifield Station Elementary,8,Howard County,ELLICOTT CITY,MD 
Holly Hall Elementary,3,Cecil County,ELKTON,MD 
Hollywood Elementary,5,Prince George's County,COLLEGE PARK,MD 
Hollywood Elementary,6,St. Mary's County,HOLLYWOOD,MD 
Home Assignments-Elementary,NaN,Baltimore County,TOWSON,MD 
Home Assignments-Secondary,NaN,Baltimore County,TOWSON,MD 
Homestead/Wakefield Elementary,9,Harford County,BEL AIR,MD 
Homewood School,NaN,Howard County,ELLICOTT CITY,MD 
Howard B. Owens Science Center,NaN,Prince George's County,LANHAM,MD 
Howard High,8,Howard County,ELLICOTT CITY,MD 
Huntingtown Elementary,NaN,Calvert County,HUNTINGTOWN,MD 
Huntingtown High School,9,Calvert County,HUNTINGTOWN,MD 
Hurlock Elementary School,4,Dorchester County,HURLOCK,MD 
Hyattsville Elementary,2,Prince George's County,HYATTSVILLE,MD 
Hyattsville Middle,4,Prince George's County,HYATTSVILLE,MD 
Ilchester Elementary,10,Howard County,ELLICOTT CITY,MD 
Imagine Andrews Public Charter,6,Prince George's County,ANDREWS AFB,MD 
Imagine Foundations at Leeland PCS,5,Prince George's County,UPPER MARLBORO,MD 
Imagine Foundations at Morningside PCS,3,Prince George's County,MORNINGSIDE,MD 
Imagine Lincoln Public Charter,2,Prince George's County,TEMPLE HILLS,MD 
Independence School Local I,2,Baltimore city,BALTIMORE,MD 
Indian Head Elementary School,3,Charles County,INDIAN HEAD,MD 
Indian Queen Elementary,5,Prince George's County,FORT WASHINGTON,MD 
Inner Harbor East Academy,NaN,Baltimore city,BALTIMORE,MD 
International High School @ Langley Park,NR,Prince George's County,BLADENSBURG,MD 
International High school @ Largo,NR,Prince George's County,UPPER MARLBORO,MD 
Isaac J. Gourdine Middle,4,Prince George's County,FORT WASHINGTON,MD 
J. Albert Adams Academy,NaN,Anne Arundel County,ANNAPOLIS,MD 
J. C. Parks Elementary School,4,Charles County,INDIAN HEAD,MD 
J. Frank Dent Elementary,2,Prince George's County,FORT WASHINGTON,MD 
J. M. Tawes Vocational Center,NaN,Somerset County,WESTOVER,MD 
J. P. Ryon Elementary School,5,Charles County,WALDORF,MD 
Jackson Road Elementary,4,Montgomery County,SILVER SPRING,MD 
Jacksonville Elementary,NaN,Baltimore County,PHOENIX,MD 
Jacobsville Elementary,6,Anne Arundel County,PASADENA,MD 
James E. Duckworth Regional Center,NaN,Prince George's County,BELTSVILLE,MD 
James H. Harrison Elementary,4,Prince George's County,LAUREL,MD 
James Hubert Blake High,6,Montgomery County,SILVER SPRING,MD 
James M. Bennett High,5,Wicomico County,SALISBURY,MD 
James Madison Middle,6,Prince George's County,UPPER MARLBORO,MD 
James McHenry Elementary,1,Baltimore city,BALTIMORE,MD 
James McHenry Elementary,3,Prince George's County,LANHAM,MD 
James Mosher Elementary,1,Baltimore city,BALTIMORE,MD 
James Ryder Randall Elementary,3,Prince George's County,CLINTON,MD 
Jarrettsville Elementary,NaN,Harford County,JARRETTSVILLE,MD 
Jeffers Hill Elementary,5,Howard County,COLUMBIA,MD 
Jessie B. Mason Special Center,NaN,Prince George's County,TEMPLE HILLS,MD 
Jessup Elementary,6,Anne Arundel County,JESSUP,MD 
John Archer School,1,Harford County,BEL AIR,MD 
John Eager Howard Elementary,3,Baltimore city,BALTIMORE,MD 
John F. Kennedy High,3,Montgomery County,SILVER SPRING,MD 
John H. Bayne Elementary,2,Prince George's County,CAPITOL HEIGHTS,MD 
John H. Poole Middle,9,Montgomery County,POOLESVILLE,MD 
John Hanson Middle School,5,Charles County,WALDORF,MD 
John Hanson Montessori,6,Prince George's County,OXON HILL,MD 
John Humbird Elementary,5,Allegany County,CUMBERLAND,MD 
John Ruhrah Elementary,2,Baltimore city,BALTIMORE,MD 
John T. Baker Middle School,7,Montgomery County,DAMASCUS,MD 
Johnnycake Elementary,3,Baltimore County,BALTIMORE,MD 
Johnston Square Elementary,1,Baltimore city,BALTIMORE,MD 
Jones Elementary,9,Anne Arundel County,SEVERNA PARK,MD 
Jones Lane Elementary,6,Montgomery County,GAITHERSBURG,MD 
Joppa View Elementary,5,Baltimore County,BALTIMORE,MD 
Joppatowne Elementary,8,Harford County,JOPPA,MD 
Joppatowne High,4,Harford County,JOPPA,MD 
Judge Sylvania W. Woods Sr. Elementary,3,Prince George's County,GLENARDEN,MD 
Judith A. Resnik Elementary,6,Montgomery County,GAITHERSBURG,MD 
Judith P. Hoyer Early Childhood Center,NaN,Dorchester County,CAMBRIDGE,MD 
Judith P. Hoyer Montessori,6,Prince George's County,LANDOVER,MD 
Julius West Middle,8,Montgomery County,ROCKVILLE,MD 
K.A.S.A. (Knowledge And Success Academy),1,Baltimore city,BALTIMORE,MD 
K.I.P.P. Harmony,4,Baltimore city,BALTIMORE,MD 
Kemp Mill Elementary,4,Montgomery County,SILVER SPRING,MD 
Kemptown Elementary,8,Frederick County,MONROVIA,MD 
Kenilworth Elementary,6,Prince George's County,BOWIE,MD 
Kenmoor Early Childhood Center,NR,Prince George's County,LANDOVER,MD 
Kenmoor Elementary,NaN,Prince George's County,LANDOVER,MD 
Kenmoor Middle,6,Prince George's County,LANDOVER,MD 
Kenmore Elementary,5,Cecil County,ELKTON,MD 
Kennard Elementary School,5,Queen Anne's County,CENTREVILLE,MD 
Kensington Parkwood Elementary,8,Montgomery County,KENSINGTON,MD 
Kent County High,4,Kent County,WORTON,MD 
Kent County Middle School,5,Kent County,CHESTERTOWN,MD 
Kent Island Elementary School,NaN,Queen Anne's County,STEVENSVILLE,MD 
Kent Island High School,7,Queen Anne's County,STEVENSVILLE,MD 
Kenwood High IB and Sports Science,3,Baltimore County,BALTIMORE,MD 
Kettering Elementary,4,Prince George's County,UPPER MARLBORO,MD 
Kettering Middle,4,Prince George's County,UPPER MARLBORO,MD 
Kingsford Elementary,7,Prince George's County,MITCHELLVILLE,MD 
Kingsview Middle,8,Montgomery County,GERMANTOWN,MD 
Kingsville Elementary,8,Baltimore County,KINGSVILLE,MD 
La Plata High School,7,Charles County,LA PLATA,MD 
Lake Arbor Elementary,3,Prince George's County,MITCHELLVILLE,MD 
Lake Elkhorn Middle,5,Howard County,COLUMBIA,MD 
Lake Seneca Elementary,4,Montgomery County,GERMANTOWN,MD 
Lake Shore Elementary,7,Anne Arundel County,PASADENA,MD 
Lakeland Elementary/Middle,3,Baltimore city,BALTIMORE,MD 
Lakelands Park Middle,8,Montgomery County,GAITHERSBURG,MD 
Lakewood Elementary,NaN,Baltimore city,BALTIMORE,MD 
Lakewood Elementary,8,Montgomery County,ROCKVILLE,MD 
Lamont Elementary,3,Prince George's County,NEW CARROLLTON,MD 
Langley Park/McCormick Elementary,3,Prince George's County,HYATTSVILLE,MD 
Langston Hughes Elementary,NaN,Baltimore city,BALTIMORE,MD 
Lansdowne Elementary,4,Baltimore County,BALTIMORE,MD 
Lansdowne High & Academy of Finance,3,Baltimore County,BALTIMORE,MD 
Lansdowne Middle,2,Baltimore County,BALTIMORE,MD 
Largo High,3,Prince George's County,UPPER MARLBORO,MD 
Laurel Elementary,4,Prince George's County,LAUREL,MD 
Laurel High,3,Prince George's County,LAUREL,MD 
Laurel Woods Elementary,6,Howard County,LAUREL,MD 
Laytonsville Elementary,8,Montgomery County,GAITHERSBURG,MD 
Leeds Elementary,5,Cecil County,ELKTON,MD 
Leith Walk Elementary,3,Baltimore city,BALTIMORE,MD 
Leonardtown Elementary,7,St. Mary's County,LEONARDTOWN,MD 
Leonardtown High,8,St. Mary's County,LEONARDTOWN,MD 
Leonardtown Middle,9,St. Mary's County,LEONARDTOWN,MD 
Lettie Marshall Dent Elem,NaN,St. Mary's County,MECHANICSVILLE,MD 
Lewisdale Elementary,4,Prince George's County,HYATTSVILLE,MD 
Lewistown Elementary,7,Frederick County,THURMONT,MD 
Lexington Park Elementary,5,St. Mary's County,LEXINGTON PARK,MD 
Liberty Elementary,5,Baltimore city,BALTIMORE,MD 
Liberty Elementary,6,Frederick County,FREDERICK,MD 
Liberty High,10,Carroll County,SYKESVILLE,MD 
Lillie May Carroll Jackson School,NR,Baltimore city,BALTIMORE,MD 
Lime Kiln Middle,10,Howard County,FULTON,MD 
Lincoln Elementary,5,Frederick County,FREDERICK,MD 
Lincolnshire Elementary,4,Washington County,HAGERSTOWN,MD 
Lindale Middle,5,Anne Arundel County,LINTHICUM,MD 
Linganore High,8,Frederick County,FREDERICK,MD 
Linthicum Elementary,8,Anne Arundel County,LINTHICUM,MD 
Linton Springs Elementary,NaN,Carroll County,SYKESVILLE,MD 
Lisbon Elementary,8,Howard County,WOODBINE,MD 
Little Bennett Elementary,8,Montgomery County,CLARKSBURG,MD 
Loch Raven High,7,Baltimore County,BALTIMORE,MD 
Loch Raven Technical Academy,5,Baltimore County,BALTIMORE,MD 
Lockerman Bundy Elementary,2,Baltimore city,BALTIMORE,MD 
Lockerman Middle School,6,Caroline County,DENTON,MD 
Logan Elementary,3,Baltimore County,BALTIMORE,MD 
Lois P. Rockwell Elementary,7,Montgomery County,DAMASCUS,MD 
Lois T. Murray Elementary,NaN,Baltimore city,BALTIMORE,MD 
Long Reach High,6,Howard County,COLUMBIA,MD 
Longfellow Elementary,5,Howard County,COLUMBIA,MD 
Longfields Elementary,5,Prince George's County,FORESTVILLE,MD 
Longview School,NaN,Montgomery County,GERMANTOWN,MD 
Lothian Elementary,6,Anne Arundel County,LOTHIAN,MD 
Lucy V. Barnsley Elementary,8,Montgomery County,ROCKVILLE,MD 
Lutherville Laboratory,9,Baltimore County,LUTHERVILLE,MD 
Luxmanor Elementary,10,Montgomery County,ROCKVILLE,MD 
Lyndhurst Elementary,2,Baltimore city,BALTIMORE,MD 
Lyons Mill Elementary,NaN,Baltimore County,OWINGS MILLS,MD 
MacArthur Middle,5,Anne Arundel County,FORT MEADE,MD 
Mace's Lane Middle School,3,Dorchester County,CAMBRIDGE,MD 
Magnolia Elementary,4,Prince George's County,LANHAM,MD 
Magnolia Elementary,4,Harford County,JOPPA,MD 
Magnolia Middle,5,Harford County,JOPPA,MD 
Magothy River Middle,8,Anne Arundel County,ARNOLD,MD 
Maiden Choice School,NaN,Baltimore County,BALTIMORE,MD 
Malcolm Elementary School,7,Charles County,WALDORF,MD 
Manchester Elementary,7,Carroll County,MANCHESTER,MD 
Manchester Valley High,8,Carroll County,MANCHESTER,MD 
Manor View Elementary,6,Anne Arundel County,FT MEADE,MD 
Manor Woods Elementary,9,Howard County,ELLICOTT CITY,MD 
Maple Elementary School,4,Dorchester County,CAMBRIDGE,MD 
Mardela Middle & High,8,Wicomico County,MARDELA SPRINGS,MD 
Maree Garnett Farring Elementary,2,Baltimore city,BALTIMORE,MD 
Margaret Brent Elementary,2,Baltimore city,BALTIMORE,MD 
Margaret Brent Middle,6,St. Mary's County,MECHANICSVILLE,MD 
Margaret Brent Regional Center,NaN,Prince George's County,NEW CARROLLTON,MD 
Maritime Industries Academy,1,Baltimore city,BALTIMORE,MD 
Marley Elementary,5,Anne Arundel County,GLEN BURNIE,MD 
Marley Glen School,NaN,Anne Arundel County,GLEN BURNIE,MD 
Marley Middle,4,Anne Arundel County,GLEN BURNIE,MD 
Marlton Elementary,4,Prince George's County,UPPER MARLBORO,MD 
Marriotts Ridge High,9,Howard County,MARRIOTTSVILLE,MD 
Mars Estates Elementary,3,Baltimore County,BALTIMORE,MD 
Marshall Street School,NaN,Washington County,HAGERSTOWN,MD 
Martin Boulevard Elementary,4,Baltimore County,BALTIMORE,MD 
Martin Luther King Jr. Middle,7,Prince George's County,BELTSVILLE,MD 
Martin Luther King Jr. Middle,5,Montgomery County,GERMANTOWN,MD 
Mary Ann Winterling Elementary at Bentalou,3,Baltimore city,BALTIMORE,MD 
Mary B. Neal Elementary School,4,Charles County,WALDORF,MD 
Mary E. Moss Academy,NaN,Anne Arundel County,CROWNSVILLE,MD 
Mary E. Rodman Elementary,1,Baltimore city,BALTIMORE,MD 
Mary Harris Mother Jones Elementary,3,Prince George's County,ADELPHI,MD 
Mary Matula Elementary School,5,Charles County,LA PLATA,MD 
Mary Moss at Adams Academy,NR,Anne Arundel County,ANNAPOLIS,MD 
Maryland City Elementary,6,Anne Arundel County,LAUREL,MD 
Maryvale Elementary,5,Montgomery County,ROCKVILLE,MD 
Matapeake Elementary School,7,Queen Anne's County,STEVENSVILLE,MD 
Matapeake Middle School,NaN,Queen Anne's County,STEVENSVILLE,MD 
Mattaponi Elementary,6,Prince George's County,UPPER MARLBORO,MD 
Mattawoman Middle School,5,Charles County,WALDORF,MD 
Matthew A. Henson Elementary,1,Baltimore city,BALTIMORE,MD 
Matthew Henson Middle School,7,Charles County,INDIAN HEAD,MD 
Maugansville Elementary,5,Washington County,MAUGANSVILLE,MD 
Maurice J. McDonough High School,5,Charles County,POMFRET,MD 
Maya Angelou French Immersion,5,Prince George's County,TEMPLE HILLS,MD 
Mayfield Woods Middle,6,Howard County,ELKRIDGE,MD 
Mayo Elementary,8,Anne Arundel County,EDGEWATER,MD 
Mays Chapel Elementary,7,Baltimore County,TIMONIUM,MD 
McCormick Elementary,3,Baltimore County,BALTIMORE,MD 
MCPS Transitions School,NaN,Montgomery County,SILVER SPRING,MD 
MD Academy of Technology and Health Sciences,2,Baltimore city,BALTIMORE,MD 
Meade Heights Elementary,6,Anne Arundel County,FT. MEADE,MD 
Meade High,3,Anne Arundel County,FT MEADE,MD 
Meade Middle,5,Anne Arundel County,FORT MEADE,MD 
Meadow Hall Elementary,5,Montgomery County,ROCKVILLE,MD 
Meadowood Education Center,NaN,Baltimore County,BALTIMORE,MD 
Meadowvale Elementary,8,Harford County,HAVRE DE GRACE,MD 
Mechanicsville Elementary,NaN,Carroll County,SYKESVILLE,MD 
Mechanicsville Elementary,5,St. Mary's County,MECHANICSVILLE,MD 
Medfield Heights Elementary,4,Baltimore city,BALTIMORE,MD 
Melwood Elementary,3,Prince George's County,UPPER MARLBORO,MD 
Mergenthaler Vocational-Technical High,2,Baltimore city,BALTIMORE,MD 
Middle River Middle,4,Baltimore County,BALTIMORE,MD 
Middleborough Elementary,6,Baltimore County,BALTIMORE,MD 
Middlesex Elementary,3,Baltimore County,BALTIMORE,MD 
Middletown Elementary,8,Frederick County,MIDDLETOWN,MD 
Middletown High,9,Frederick County,MIDDLETOWN,MD 
Middletown Middle,8,Frederick County,MIDDLETOWN,MD 
Middletown Primary,NaN,Frederick County,MIDDLETOWN,MD 
Midtown Academy,4,Baltimore city,BALTIMORE,MD 
Milbrook Elementary,3,Baltimore County,BALTIMORE,MD 
Milford Mill Academy,3,Baltimore County,BALTIMORE,MD 
Mill Creek Middle,6,Calvert County,LUSBY,MD 
Mill Creek Towne Elementary,5,Montgomery County,ROCKVILLE,MD 
Millersville Elementary,NaN,Anne Arundel County,MILLERSVILLE,MD 
Millington Elementary,6,Kent County,MILLINGTON,MD 
Milton M. Somers Middle School,7,Charles County,LA PLATA,MD 
Monarch Academy,5,Anne Arundel County,GLEN BURNIE,MD 
Monarch Academy Public Charter School,2,Baltimore city,BALTIMORE,MD 
Monarch Global Academy PCS Laurel Campus,NR,Anne Arundel County,LAUREL,MD 
Monocacy Elementary,7,Montgomery County,DICKERSON,MD 
Monocacy Elementary,4,Frederick County,FREDERICK,MD 
Monocacy Middle,6,Frederick County,FREDERICK,MD 
Monocacy Valley Montessori School,6,Frederick County,FREDERICK,MD 
Montebello Elementary,2,Baltimore city,BALTIMORE,MD 
Montgomery Blair High,6,Montgomery County,SILVER SPRING,MD 
Montgomery County Evening High School Centers,NaN,Montgomery County,ROCKVILLE,MD 
Montgomery Knolls Elementary,NaN,Montgomery County,SILVER SPRING,MD 
Montgomery Village Middle School,4,Montgomery County,MONTGOMERY VILLAGE,MD 
Montpelier Elementary,5,Prince George's County,LAUREL,MD 
Moravia Park,2,Baltimore city,BALTIMORE,MD 
Morrell Park Elementary/Middle,3,Baltimore city,BALTIMORE,MD 
Mount Airy Elementary,8,Carroll County,MOUNT AIRY,MD 
Mount Airy Middle,10,Carroll County,MOUNT AIRY,MD 
Mount Harmony Elementary,8,Calvert County,OWINGS,MD 
Mount Hebron High,9,Howard County,ELLICOTT CITY,MD 
Mount Royal Elementary/Middle,4,Baltimore city,BALTIMORE,MD 
Mount Savage Middle,6,Allegany County,MOUNT SAVAGE,MD 
Mount View Middle,9,Howard County,MARRIOTTSVILLE,MD 
Mountain Ridge High School,6,Allegany County,FROSTBURG,MD 
Mt Hope/Nanjemoy Elementary School,6,Charles County,NANJEMOY,MD 
Mt Rainier Elementary,3,Prince George's County,MT RAINIER,MD 
Mt. Savage Elementary,NaN,Allegany County,MT SAVAGE,MD 
Murray Hill Middle,6,Howard County,LAUREL,MD 
Mutual Elementary,7,Calvert County,PORT REPUBLIC,MD 
Myersville Elementary,NaN,Frederick County,MYERSVILLE,MD 
N.A.C.A. Freedom and Democracy Academy II,2,Baltimore city,BALTIMORE,MD 
Nantucket Elementary,8,Anne Arundel County,CROFTON,MD 
National Academy Foundation,1,Baltimore city,BALTIMORE,MD 
Neelsville Middle,4,Montgomery County,GERMANTOWN,MD 
New Era Academy,1,Baltimore city,BALTIMORE,MD 
New Hampshire Estates Elem,NaN,Montgomery County,SILVER SPRING,MD 
New Hope Academy,1,Baltimore city,BALTIMORE,MD 
New Market Elementary,9,Frederick County,NEW MARKET,MD 
New Market Middle,8,Frederick County,NEW MARKET,MD 
New Midway/Woodsboro Elementary,6,Frederick County,KEYMAR,MD 
New Song Academy,3,Baltimore city,BALTIMORE,MD 
New Town Elementary,6,Baltimore County,OWINGS MILLS,MD 
New Town High,5,Baltimore County,OWINGS MILLS,MD 
New Windsor Middle,6,Carroll County,NEW WINDSOR,MD 
Newport Mill Middle,4,Montgomery County,KENSINGTON,MD 
Nicholas Orem Middle,3,Prince George's County,HYATTSVILLE,MD 
Norrisville Elementary,6,Harford County,WHITE HALL,MD 
North Bend Elementary,3,Baltimore city,BALTIMORE,MD 
North Bend Elementary,7,Harford County,JARRETTSVILLE,MD 
North Bethesda Middle,9,Montgomery County,BETHESDA,MD 
North Caroline High School,5,Caroline County,RIDGELY,MD 
North Carroll High,NR,Carroll County,HAMPSTEAD,MD 
North Carroll Middle,7,Carroll County,HAMPSTEAD,MD 
North Chevy Chase Elementary,8,Montgomery County,CHEVY CHASE,MD 
North County High,5,Anne Arundel County,GLEN BURNIE,MD 
North Dorchester High School,5,Dorchester County,HURLOCK,MD 
North Dorchester Middle School,5,Dorchester County,HURLOCK,MD 
North East Elementary,3,Cecil County,NORTH EAST,MD 
North East High,4,Cecil County,NORTH EAST,MD 
North East Middle,5,Cecil County,NORTH EAST,MD 
North Forestville Elementary,2,Prince George's County,FORESTVILLE,MD 
North Frederick Elementary,7,Frederick County,FREDERICK,MD 
North Glen Elementary,4,Anne Arundel County,GLEN BURNIE,MD 
North Hagerstown High,5,Washington County,HAGERSTOWN,MD 
North Harford Elementary,7,Harford County,PYLESVILLE,MD 
North Harford High,8,Harford County,PYLESVILLE,MD 
North Harford Middle,8,Harford County,PYLESVILLE,MD 
North Point High School,8,Charles County,WALDORF,MD 
North Salisbury Elementary,7,Wicomico County,SALISBURY,MD 
Northeast Elementary,6,Allegany County,CUMBERLAND,MD 
Northeast High,4,Anne Arundel County,PASADENA,MD 
Northeast Middle,NaN,Baltimore city,BALTIMORE,MD 
Northern Garrett High School,6,Garrett County,ACCIDENT,MD 
Northern High,10,Calvert County,OWINGS,MD 
Northern Middle,8,Calvert County,OWINGS,MD 
Northern Middle,5,Washington County,HAGERSTOWN,MD 
Northern Middle School,7,Garrett County,ACCIDENT,MD 
Northfield Elementary,8,Howard County,ELLICOTT CITY,MD 
Northview Elementary,4,Prince George's County,BOWIE,MD 
Northwest High,8,Montgomery County,GERMANTOWN,MD 
Northwest Middle,6,Carroll County,TANEYTOWN,MD 
Northwestern Elementary,NaN,Wicomico County,MARDELA SPRINGS,MD 
Northwestern Evening/Saturday High,1,Prince George's County,HYATTSVILLE,MD 
Northwestern High,3,Prince George's County,HYATTSVILLE,MD 
Northwestern High,2,Baltimore city,BALTIMORE,MD 
Northwood Appold Community Academy,3,Baltimore city,BALTIMORE,MD 
Northwood Elementary,4,Baltimore city,BALTIMORE,MD 
Northwood High School,4,Montgomery County,SILVER SPRING,MD 
Norwood Elementary,2,Baltimore County,BALTIMORE,MD 
Oak Hill Elementary,8,Anne Arundel County,SEVERNA PARK,MD 
Oak View Elementary,5,Montgomery County,SILVER SPRING,MD 
Oakdale Elementary,NaN,Frederick County,IJAMSVILLE,MD 
Oakdale High,9,Frederick County,IJAMSVILLE,MD 
Oakdale Middle,10,Frederick County,IJAMSVILLE,MD 
Oakland Mills High,5,Howard County,COLUMBIA,MD 
Oakland Mills Middle,5,Howard County,COLUMBIA,MD 
Oakland Terrace Elementary,6,Montgomery County,SILVER SPRING,MD 
Oaklands Elementary,3,Prince George's County,LAUREL,MD 
Oakleigh Elementary,5,Baltimore County,BALTIMORE,MD 
Oakville Elementary,5,St. Mary's County,MECHANICSVILLE,MD 
Oakwood Elementary,6,Anne Arundel County,GLEN BURNIE,MD 
Ocean City Elementary,10,Worcester County,OCEAN CITY,MD 
Odenton Elementary,7,Anne Arundel County,ODENTON,MD 
Oklahoma Road Middle,10,Carroll County,SYKESVILLE,MD 
Old Court Middle,4,Baltimore County,BALTIMORE,MD 
Old Forge Elementary,6,Washington County,HAGERSTOWN,MD 
Old Mill High,6,Anne Arundel County,MILLERSVILLE,MD 
Old Mill Middle North,6,Anne Arundel County,MILLERSVILLE,MD 
Old Mill Middle South,7,Anne Arundel County,MILLERSVILLE,MD 
Oliver Beach Elementary,5,Baltimore County,BALTIMORE,MD 
Olney Elementary,7,Montgomery County,OLNEY,MD 
Orchard Grove Elementary,8,Frederick County,FREDERICK,MD 
Orems Elementary,NaN,Baltimore County,BALTIMORE,MD 
Overlea High & Academy of Finance,2,Baltimore County,BALTIMORE,MD 
Overlook Elementary,6,Anne Arundel County,LINTHICUM,MD 
Overlook Elementary,2,Prince George's County,TEMPLE HILLS,MD 
Owings Mills Elementary,4,Baltimore County,OWINGS MILLS,MD 
Owings Mills High,3,Baltimore County,OWINGS MILLS,MD 
Oxon Hill Elementary,3,Prince George's County,OXON HILL,MD 
Oxon Hill High,5,Prince George's County,OXON HILL,MD 
Oxon Hill Middle,3,Prince George's County,FORT WASHINGTON,MD 
Padonia International Elementary,5,Baltimore County,COCKEYSVILLE,MD 
Paint Branch Elementary,3,Prince George's County,COLLEGE PARK,MD 
Paint Branch High,5,Montgomery County,BURTONSVILLE,MD 
Pangborn Elementary,3,Washington County,HAGERSTOWN,MD 
Panorama Elementary,3,Prince George's County,TEMPLE HILLS,MD 
Paramount Elementary,8,Washington County,HAGERSTOWN,MD 
Park Elementary,5,Anne Arundel County,BALTIMORE,MD 
Park Hall Elementary,4,St. Mary's County,PARK HALL,MD 
Parkdale High,3,Prince George's County,RIVERDALE,MD 
Parkland Middle,6,Montgomery County,ROCKVILLE,MD 
Parkside Elementary,7,Allegany County,LAVALE,MD 
Parkside High,5,Wicomico County,SALISBURY,MD 
Parkville High & Center for Math/Science,4,Baltimore County,BALTIMORE,MD 
Parkville Middle & Center of Technology,8,Baltimore County,BALTIMORE,MD 
Parkway Elementary,8,Frederick County,FREDERICK,MD 
Parr's Ridge Elementary,NaN,Carroll County,MT AIRY,MD 
Pasadena Elementary,NaN,Anne Arundel County,PASADENA,MD 
Patapsco High & Center for Arts,4,Baltimore County,BALTIMORE,MD 
Patapsco Middle,7,Howard County,ELLICOTT CITY,MD 
Patterson High,2,Baltimore city,BALTIMORE,MD 
Patterson Mill High School,9,Harford County,BEL AIR,MD 
Patterson Mill Middle School,10,Harford County,BEL AIR,MD 
Patterson Park Public Charter School,3,Baltimore city,BALTIMORE,MD 
Patuxent Appeal Elementary Campus,NaN,Calvert County,LUSBY,MD 
Patuxent Elementary,4,Prince George's County,UPPER MARLBORO,MD 
Patuxent High,7,Calvert County,LUSBY,MD 
Patuxent Valley Middle,5,Howard County,JESSUP,MD 
Paul Laurence Dunbar High,4,Baltimore city,BALTIMORE,MD 
Pemberton Elementary,4,Wicomico County,SALISBURY,MD 
PEP - Itinerant,NaN,Montgomery County,GERMANTOWN,MD 
Perry Hall Elementary,6,Baltimore County,BALTIMORE,MD 
Perry Hall High,6,Baltimore County,BALTIMORE,MD 
Perry Hall Middle,8,Baltimore County,BALTIMORE,MD 
Perryville High,5,Cecil County,PERRYVILLE,MD 
Perryville Middle,5,Cecil County,PERRYVILLE,MD 
Perrywood Elementary,5,Prince George's County,LARGO,MD 
Pershing Hill Elementary,8,Anne Arundel County,FT MEADE,MD 
Phelps Luck Elementary,4,Howard County,COLUMBIA,MD 
Phoenix Academy,NR,Anne Arundel County,ANNAPOLIS,MD 
Phyllis E. Williams Elementary,4,Prince George's County,UPPER MARLBORO,MD 
Piccowaxen Middle School,6,Charles County,NEWBURG,MD 
Pikesville High,7,Baltimore County,BALTIMORE,MD 
Pikesville Middle,4,Baltimore County,BALTIMORE,MD 
Pimlico Elementary,1,Baltimore city,BALTIMORE,MD 
Pine Crest Elementary,6,Montgomery County,SILVER SPRING,MD 
Pine Grove Elementary,8,Baltimore County,BALTIMORE,MD 
Pine Grove Middle,6,Baltimore County,BALTIMORE,MD 
Pinehurst Elementary,4,Wicomico County,SALISBURY,MD 
Pinewood Elementary,9,Baltimore County,TIMONIUM,MD 
Piney Branch Elementary,6,Montgomery County,TAKOMA PARK,MD 
Piney Orchard Elementary,9,Anne Arundel County,ODENTON,MD 
Piney Point Elementary,6,St. Mary's County,TALL TIMBERS,MD 
Piney Ridge Elementary,8,Carroll County,SYKESVILLE,MD 
Pittsville Elementary & Middle,6,Wicomico County,PITTSVILLE,MD 
Pleasant Plains Elementary,4,Baltimore County,TOWSON,MD 
Pleasant Valley Elementary,5,Washington County,KNOXVILLE,MD 
Plum Point Elementary,8,Calvert County,HUNTINGTOWN,MD 
Plum Point Middle,8,Calvert County,HUNTINGTOWN,MD 
Pocomoke Elementary,9,Worcester County,POCOMOKE CITY,MD 
Pocomoke High,5,Worcester County,POCOMOKE CITY,MD 
Pocomoke Middle,6,Worcester County,POCOMOKE CITY,MD 
Point Pleasant Elementary,4,Anne Arundel County,GLEN BURNIE,MD 
Pointer Ridge Elementary,5,Prince George's County,BOWIE,MD 
Pointers Run Elementary,9,Howard County,CLARKSVILLE,MD 
Poolesville Elementary,9,Montgomery County,POOLESVILLE,MD 
Poolesville High,9,Montgomery County,POOLESVILLE,MD 
Port Towns Elementary,2,Prince George's County,BLADENSBURG,MD 
Post Secondary Program,NaN,Carroll County,WESTMINSTER,MD 
Pot Spring Elementary,6,Baltimore County,TIMONIUM,MD 
Potomac Elementary,9,Montgomery County,POTOMAC,MD 
Potomac Heights Elementary,6,Washington County,HAGERSTOWN,MD 
Potomac High,2,Prince George's County,OXON HILL,MD 
Potomac Landing Elementary,4,Prince George's County,FORT WASHINGTON,MD 
Powhatan Elementary,3,Baltimore County,BALTIMORE,MD 
Prekindergarten Offsites,NaN,Prince George's County,UPPER MARLBORO,MD 
Preston Elementary School,6,Caroline County,PRESTON,MD 
Prettyboy Elementary,7,Baltimore County,FREELAND,MD 
PRIDE School,NaN,Carroll County,WESTMINSTER,MD 
Prince Street School,4,Wicomico County,SALISBURY,MD 
Princess Anne Elementary,4,Somerset County,PRINCESS ANNE,MD 
Princeton Elementary,2,Prince George's County,SUITLAND,MD 
Prospect Mill Elementary,8,Harford County,BEL AIR,MD 
Quarterfield Elementary,7,Anne Arundel County,SEVERN,MD 
Queen Anne's County High School,8,Queen Anne's County,CENTREVILLE,MD 
Quince Orchard High,8,Montgomery County,GAITHERSBURG,MD 
Rachel Carson Elementary,8,Montgomery County,GAITHERSBURG,MD 
Randallstown Elementary,2,Baltimore County,RANDALLSTOWN,MD 
Randallstown High,3,Baltimore County,RANDALLSTOWN,MD 
Red House Run Elementary,5,Baltimore County,BALTIMORE,MD 
Red Pump Elementary School,NaN,Harford County,BEL AIR,MD 
Redland Middle,5,Montgomery County,ROCKVILLE,MD 
Reginald F. Lewis High School,2,Baltimore city,BALTIMORE,MD 
Regional Institute for Children & Adolescents,1,Montgomery County,ROCKVILLE,MD 
Reisterstown Elementary,4,Baltimore County,REISTERSTOWN,MD 
Relay Elementary,8,Baltimore County,BALTIMORE,MD 
Renaissance Academy,1,Baltimore city,BALTIMORE,MD 
Reservoir High,7,Howard County,FULTON,MD 
Richard Henry Lee Elementary,6,Anne Arundel County,GLEN BURNIE,MD 
Richard Montgomery High,7,Montgomery County,ROCKVILLE,MD 
Riderwood Elementary,9,Baltimore County,TOWSON,MD 
Ridge Elementary,5,St. Mary's County,RIDGE,MD 
Ridge Ruxton,1,Baltimore County,BALTIMORE,MD 
Ridgecrest Elementary,2,Prince George's County,HYATTSVILLE,MD 
Ridgely Elementary School,6,Caroline County,RIDGELY,MD 
Ridgely Middle,7,Baltimore County,LUTHERVILLE,MD 
Ridgeview Middle,7,Montgomery County,GAITHERSBURG,MD 
Ridgeway Elementary,7,Anne Arundel County,SEVERN,MD 
Ring Factory Elementary,9,Harford County,BEL AIR,MD 
Rippling Woods Elementary,3,Anne Arundel County,GLEN BURNIE,MD 
Rising Sun Elementary,5,Cecil County,RISING SUN,MD 
Rising Sun High,6,Cecil County,NORTH EAST,MD 
Rising Sun Middle School,7,Cecil County,RISING SUN,MD 
Ritchie Park Elementary,8,Montgomery County,ROCKVILLE,MD 
River Hill High,10,Howard County,CLARKSVILLE,MD 
Riverdale Elementary,2,Prince George's County,RIVERDALE,MD 
Riverside Elementary,5,Harford County,JOPPA,MD 
Riverview Elementary,3,Baltimore County,BALTIMORE,MD 
Riviera Beach Elementary,NaN,Anne Arundel County,PASADENA,MD 
Robert D. Stethem Educational Center,NaN,Charles County,POMFRET,MD 
Robert Frost Elementary,5,Prince George's County,NEW CARROLLTON,MD 
Robert Frost Middle School,9,Montgomery County,ROCKVILLE,MD 
Robert Goddard Montessori,9,Prince George's County,SEABROOK,MD 
Robert Moton Elementary,6,Carroll County,WESTMINSTER,MD 
Robert R. Gray Elementary,2,Prince George's County,CAPITAL HEIGHTS,MD 
Robert W. Coleman Elementary,1,Baltimore city,BALTIMORE,MD 
Roberto W. Clemente Middle,7,Montgomery County,GERMANTOWN,MD 
Rock Creek Forest Elementary,6,Montgomery County,CHEVY CHASE,MD 
Rock Creek School,NaN,Frederick County,FREDERICK,MD 
Rock Creek Valley Elementary,7,Montgomery County,ROCKVILLE,MD 
Rock Hall Elementary,NaN,Kent County,ROCK HALL,MD 
Rock Terrace School,1,Montgomery County,ROCKVILLE,MD 
Rock View Elementary,5,Montgomery County,KENSINGTON,MD 
Rockburn Elementary,9,Howard County,ELKRIDGE,MD 
Rockland Woods Elementary,5,Washington County,HAGERSTOWN,MD 
Rockledge Elementary,4,Prince George's County,BOWIE,MD 
Rockville High,5,Montgomery County,ROCKVILLE,MD 
Rocky Hill Middle,8,Montgomery County,CLARKSBURG,MD 
Rodgers Forge Elementary,9,Baltimore County,BALTIMORE,MD 
Rogers Heights Elementary,3,Prince George's County,BLADENSBURG,MD 
Rognel Heights Elementary/Middle,1,Baltimore city,BALTIMORE,MD 
Roland Park Elementary/Middle,8,Baltimore city,BALTIMORE,MD 
Rolling Knolls Elementary,6,Anne Arundel County,ANNAPOLIS,MD 
Rolling Terrace Elementary,4,Montgomery County,TAKOMA PARK,MD 
Ronald A. McNair Elementary,9,Montgomery County,GERMANTOWN,MD 
Roots and Branches School,1,Baltimore city,BALTIMORE,MD 
Rosa L. Parks Elementary,3,Prince George's County,HYATTSVILLE,MD 
Rosa M. Parks Middle,9,Montgomery County,OLNEY,MD 
Rosaryville Elementary,2,Prince George's County,UPPER MARLBORO,MD 
Roscoe R Nix Elementary,NaN,Montgomery County,SILVER SPRING,MD 
Rose Valley Elementary,3,Prince George's County,FORT WASHINGTON,MD 
Rosedale Center,NaN,Baltimore County,BALTIMORE,MD 
Rosemary Hills Elementary,NaN,Montgomery County,SILVER SPRING,MD 
Rosemont Elementary,5,Montgomery County,GAITHERSBURG,MD 
Rosemont Elementary,4,Baltimore city,BALTIMORE,MD 
Route 40 Elementary,5,Garrett County,FROSTBURG,MD 
Roye-Williams Elementary,6,Harford County,HAVRE DE GRACE,MD 
Running Brook Elementary,4,Howard County,COLUMBIA,MD 
Runnymede Elementary,7,Carroll County,WESTMINSTER,MD 
Ruth Ann Monroe Primary,NaN,Washington County,HAGERSTOWN,MD 
Ruth Parker Eason School,NaN,Anne Arundel County,MILLERSVILLE,MD 
S. Christa McAuliffe Elementary,5,Montgomery County,GERMANTOWN,MD 
Sabillasville Elementary,NaN,Frederick County,SABILLASVILLE,MD 
Salem Avenue Elementary,5,Washington County,HAGERSTOWN,MD 
Salisbury Middle,5,Wicomico County,SALISBURY,MD 
Samuel Chase Elementary,5,Prince George's County,TEMPLE HILLS,MD 
Samuel F. B. Morse Elementary,1,Baltimore city,BALTIMORE,MD 
Samuel Ogle Middle,7,Prince George's County,BOWIE,MD 
Samuel P. Massie Academy,2,Prince George's County,FORESTVILLE,MD 
Sandalwood Elementary,4,Baltimore County,BALTIMORE,MD 
Sandy Hill Elementary,2,Dorchester County,CAMBRIDGE,MD 
Sandy Plains Elementary,3,Baltimore County,BALTIMORE,MD 
Sandymount Elementary,7,Carroll County,FINKSBURG,MD 
Sarah M. Roach Elementary,2,Baltimore city,BALTIMORE,MD 
Sargent Shriver Elementary,4,Montgomery County,SILVER SPRING,MD 
Scholars K-8,NR,Baltimore County,BALTIMORE,MD 
Scotchtown Hills Elementary,4,Prince George's County,LAUREL,MD 
Scotts Branch Elementary,2,Baltimore County,BALTIMORE,MD 
Seabrook Elementary,5,Prince George's County,SEABROOK,MD 
Seat Pleasant Elementary,2,Prince George's County,SEAT PLEASANT,MD 
Seneca Elementary,6,Baltimore County,BALTIMORE,MD 
Seneca Valley High,4,Montgomery County,GERMANTOWN,MD 
Sequoyah Elementary,5,Montgomery County,DERWOOD,MD 
Seven Locks Elementary,10,Montgomery County,BETHESDA,MD 
Seven Oaks Elementary,7,Baltimore County,BALTIMORE,MD 
Seven Oaks Elementary,6,Anne Arundel County,ODENTON,MD 
Seventh District Elementary,9,Baltimore County,PARKTON,MD 
Severn Elementary,7,Anne Arundel County,SEVERN,MD 
Severn River Middle,7,Anne Arundel County,ARNOLD,MD 
Severna Park Elementary,9,Anne Arundel County,SEVERNA PARK,MD 
Severna Park High,7,Anne Arundel County,SEVERNA PARK,MD 
Severna Park Middle,9,Anne Arundel County,SEVERNA PARK,MD 
Shady Grove Middle,6,Montgomery County,GAITHERSBURG,MD 
Shady Side Elementary,7,Anne Arundel County,SHADY SIDE,MD 
Shady Spring Elementary,4,Baltimore County,BALTIMORE,MD 
Sharp-Leadenhall Elementary,NaN,Baltimore city,BALTIMORE,MD 
Sharpsburg Elementary,NaN,Washington County,SHARPSBURG,MD 
Sherwood Elementary,6,Montgomery County,SANDY SPRING,MD 
Sherwood High,7,Montgomery County,SANDY SPRING,MD 
Shiloh Middle,8,Carroll County,HAMPSTEAD,MD 
Shipley's Choice Elementary,9,Anne Arundel County,MILLERSVILLE,MD 
Showell Elementary,9,Worcester County,BERLIN,MD 
Silver Spring International Middle,6,Montgomery County,SILVER SPRING,MD 
Sinclair Lane Elementary,2,Baltimore city,BALTIMORE,MD 
Skyline Elementary,3,Prince George's County,SUITLAND,MD 
Sligo Creek Elementary,6,Montgomery County,SILVER SPRING,MD 
Sligo Middle,5,Montgomery County,SILVER SPRING,MD 
Smithsburg Elementary,5,Washington County,SMITHSBURG,MD 
Smithsburg High,8,Washington County,SMITHSBURG,MD 
Smithsburg Middle,8,Washington County,SMITHSBURG,MD 
Snow Hill Elementary,7,Worcester County,SNOW HILL,MD 
Snow Hill High,5,Worcester County,SNOW HILL,MD 
Snow Hill Middle,7,Worcester County,SNOW HILL,MD 
Sollers Point/Southeastern Technical High,NaN,Baltimore County,BALTIMORE,MD 
Solley Elementary,6,Anne Arundel County,GLEN BURNIE,MD 
Somerset 6/7 Intermediate School,6,Somerset County,WESTOVER,MD 
Somerset Elementary,9,Montgomery County,CHEVY CHASE,MD 
South Carroll High,8,Carroll County,SYKESVILLE,MD 
South Dorchester School,8,Dorchester County,CHURCH CREEK,MD 
South Hagerstown High,5,Washington County,HAGERSTOWN,MD 
South Lake Elementary,3,Montgomery County,GAITHERSBURG,MD 
South Penn Elementary,4,Allegany County,CUMBERLAND,MD 
South River High,7,Anne Arundel County,EDGEWATER,MD 
South Shore Elementary,9,Anne Arundel County,CROWNSVILLE,MD 
Southampton Middle,9,Harford County,BEL AIR,MD 
Southern Garrett High School,6,Garrett County,OAKLAND,MD 
Southern High,6,Anne Arundel County,HARWOOD,MD 
Southern Middle,7,Anne Arundel County,LOTHIAN,MD 
Southern Middle,5,Calvert County,LUSBY,MD 
Southern Middle School,5,Garrett County,OAKLAND,MD 
Southgate Elementary,5,Anne Arundel County,GLEN BURNIE,MD 
Southwest Academy,4,Baltimore County,BALTIMORE,MD 
Southwest Baltimore Charter School,2,Baltimore city,BALTIMORE,MD 
Spark M. Matsunaga Elementary School,8,Montgomery County,GERMANTOWN,MD 
Sparks Elementary,9,Baltimore County,SPARKS,MD 
Sparrows Point High,7,Baltimore County,SPARROWS POINT,MD 
Sparrows Point Middle,4,Baltimore County,BALTIMORE,MD 
Spring Garden Elementary,7,Carroll County,HAMPSTEAD,MD 
Spring Ridge Elementary,6,Frederick County,FREDERICK,MD 
Spring Ridge Middle,6,St. Mary's County,LEXINGTON PARK,MD 
Springbrook High,4,Montgomery County,SILVER SPRING,MD 
Springfield Middle,5,Washington County,WILLIAMSPORT,MD 
Springhill Lake Elementary,2,Prince George's County,GREENBELT,MD 
St Leonard Elementary,5,Calvert County,ST LEONARD,MD 
St. Charles High School,4,Charles County,WALDORF,MD 
St. Johns Lane Elementary,9,Howard County,ELLICOTT CITY,MD 
St. Mary's County Evening High,NaN,St. Mary's County,LEONARDTOWN,MD 
St. Michaels Elementary,6,Talbot County,ST MICHAELS,MD 
St. Michaels Middle/High School,6,Talbot County,ST MICHAELS,MD 
Stadium School,3,Baltimore city,BALTIMORE,MD 
Stedwick Elementary,3,Montgomery County,MONTGOMERY VILLAGE,MD 
Stemmers Run Middle,3,Baltimore County,BALTIMORE,MD 
Stephen Decatur High,5,Worcester County,BERLIN,MD 
Stephen Decatur Middle,3,Prince George's County,CLINTON,MD 
Stephen Decatur Middle,8,Worcester County,BERLIN,MD 
Stephen Knolls School,NaN,Montgomery County,KENSINGTON,MD 
Steuart Hill Academic Academy,2,Baltimore city,BALTIMORE,MD 
Stevens Forest Elementary,5,Howard County,COLUMBIA,MD 
Stevensville Middle School,6,Queen Anne's County,STEVENSVILLE,MD 
Stone Mill Elementary,9,Montgomery County,NORTH POTOMAC,MD 
Stonegate Elementary,7,Montgomery County,SILVER SPRING,MD 
Stoneleigh Elementary,8,Baltimore County,BALTIMORE,MD 
Strathmore Elementary,5,Montgomery County,SILVER SPRING,MD 
Strawberry Knoll Elementary,5,Montgomery County,GAITHERSBURG,MD 
Studio 39,NR,Anne Arundel County,ANNAPOLIS,MD 
Sudbrook Magnet Middle,8,Baltimore County,BALTIMORE,MD 
Sudlersville Elementary School,4,Queen Anne's County,SUDLERSVILLE,MD 
Sudlersville Middle School,7,Queen Anne's County,SUDLERSVILLE,MD 
Suitland Elementary,2,Prince George's County,SUITLAND,MD 
Suitland High,2,Prince George's County,FORESTVILLE,MD 
Summit Hall Elementary,4,Montgomery County,GAITHERSBURG,MD 
Summit Park Elementary,8,Baltimore County,BALTIMORE,MD 
Sunderland Elementary,8,Calvert County,SUNDERLAND,MD 
Sunset Elementary,6,Anne Arundel County,PASADENA,MD 
Surrattsville High,2,Prince George's County,CLINTON,MD 
Sussex Elementary,4,Baltimore County,BALTIMORE,MD 
Swan Meadow School,NaN,Garrett County,OAKLAND,MD 
Swansfield Elementary,5,Howard County,COLUMBIA,MD 
Sykesville Middle,8,Carroll County,SYKESVILLE,MD 
T. C. Martin Elementary School,8,Charles County,BRYANTOWN,MD 
Takoma Park Elementary,NaN,Montgomery County,TAKOMA PARK,MD 
Takoma Park Middle School,9,Montgomery County,SILVER SPRING,MD 
Talbott Springs Elementary,5,Howard County,COLUMBIA,MD 
Tall Oaks High,1,Prince George's County,BOWIE,MD 
Taneytown Elementary,5,Carroll County,TANEYTOWN,MD 
Tanglewood Regional Center,NaN,Prince George's County,CLINTON,MD 
Tayac Elementary,4,Prince George's County,FORT WASHINGTON,MD 
Templeton Elementary,3,Prince George's County,RIVERDALE,MD 
Tench Tilghman Elementary,1,Baltimore city,BALTIMORE,MD 
The Crossroads School,4,Baltimore city,BALTIMORE,MD 
The Green School,4,Baltimore city,BALTIMORE,MD 
The Historic Samuel Coleridge-Taylor Elementary,1,Baltimore city,BALTIMORE,MD 
The Mount Washington School,6,Baltimore city,BALTIMORE,MD 
The Reach! Partnership School,1,Baltimore city,BALTIMORE,MD 
The Seed School of Maryland,3,Baltimore city,BALTIMORE,MD 
Theodore G. Davis Middle School,7,Charles County,WALDORF,MD 
Thomas Claggett Elementary,NaN,Prince George's County,DISTRICT HEIGHTS,MD 
Thomas Edison High School of Technology,NaN,Montgomery County,SILVER SPRING,MD 
Thomas G. Pullen School,6,Prince George's County,LANDOVER,MD 
Thomas Jefferson Elementary,2,Baltimore city,BALTIMORE,MD 
Thomas Johnson Elementary,6,Baltimore city,BALTIMORE,MD 
Thomas Johnson Middle,4,Prince George's County,LANHAM,MD 
Thomas S. Stone Elementary,3,Prince George's County,MT RAINIER,MD 
Thomas S. Wootton High,9,Montgomery County,ROCKVILLE,MD 
Thomas Stone High School,5,Charles County,WALDORF,MD 
Thomas Viaduct,5,Howard County,HANOVER,MD 
Thomas W. Pyle Middle School,10,Montgomery County,BETHESDA,MD 
Thomson Estates Elementary,4,Cecil County,ELKTON,MD 
Thunder Hill Elementary,7,Howard County,COLUMBIA,MD 
Thurgood Marshall Elementary,6,Montgomery County,GAITHERSBURG,MD 
Thurgood Marshall Middle School,3,Prince George's County,TEMPLE HILLS,MD 
Thurmont Elementary,6,Frederick County,THURMONT,MD 
Thurmont Middle,6,Frederick County,THURMONT,MD 
Thurmont Primary,NaN,Frederick County,THURMONT,MD 
Tilden Middle School,8,Montgomery County,ROCKVILLE,MD 
Tilghman Elementary,NaN,Talbot County,TILGHMAN,MD 
Timber Grove Elementary,4,Baltimore County,OWINGS MILLS,MD 
Timonium Elementary,9,Baltimore County,TIMONIUM,MD 
Town Creek Elementary,NaN,St. Mary's County,LEXINGTON PARK,MD 
Towson High Law & Public Policy,9,Baltimore County,TOWSON,MD 
Traceys Elementary,6,Anne Arundel County,TRACEYS LANDING,MD 
Travilah Elementary,9,Montgomery County,NORTH POTOMAC,MD 
Triadelphia Ridge Elementary,9,Howard County,ELLICOTT CITY,MD 
Tulip Grove Elementary,6,Prince George's County,BOWIE,MD 
Tunbridge Public Charter School,5,Baltimore city,BALTIMORE,MD 
Turning Point Academy Public Charter,4,Prince George's County,LANHAM,MD 
Tuscarora Elementary,7,Frederick County,FREDERICK,MD 
Tuscarora High,6,Frederick County,FREDERICK,MD 
Twin Ridge Elementary,8,Frederick County,MT AIRY,MD 
Twinbrook Elementary,4,Montgomery County,ROCKVILLE,MD 
Tyler Heights Elementary,2,Anne Arundel County,ANNAPOLIS,MD 
University Park Elementary,5,Prince George's County,HYATTSVILLE,MD 
Urbana Elementary,9,Frederick County,FREDERICK,MD 
Urbana High,9,Frederick County,IJAMSVILLE,MD 
Urbana Middle,10,Frederick County,IJAMSVILLE,MD 
Valley Elementary,7,Frederick County,JEFFERSON,MD 
Valley View Elementary,5,Prince George's County,OXON HILL,MD 
Van Bokkelen Elementary,5,Anne Arundel County,SEVERN,MD 
Vanguard Collegiate Middle School,2,Baltimore city,BALTIMORE,MD 
Vansville Elementary,6,Prince George's County,BELTSVILLE,MD 
Veterans Elementary,8,Howard County,ELLICOTT CITY,MD 
Victory Villa Elementary,6,Baltimore County,BALTIMORE,MD 
Vienna Elementary School,4,Dorchester County,VIENNA,MD 
Viers Mill Elementary,6,Montgomery County,SILVER SPRING,MD 
Villa Cresta Elementary,4,Baltimore County,BALTIMORE,MD 
Vincent Farm Elementary,6,Baltimore County,WHITE MARSH,MD 
Violetville Elementary/Middle,3,Baltimore city,BALTIMORE,MD 
Vivien T. Thomas Medical Arts Academy,2,Baltimore city,BALTIMORE,MD 
W.E.B. DuBois High,1,Baltimore city,BALTIMORE,MD 
Waldon Woods Elementary,4,Prince George's County,CLINTON,MD 
Walker Mill Middle,5,Prince George's County,CAPITOL HEIGHTS,MD 
Walkersville Elementary,6,Frederick County,WALKERSVILLE,MD 
Walkersville High,8,Frederick County,WALKERSVILLE,MD 
Walkersville Middle,7,Frederick County,WALKERSVILLE,MD 
Walt Whitman High,8,Montgomery County,BETHESDA,MD 
Walter J. Mitchell Elementary,5,Charles County,LA PLATA,MD 
Walter Johnson High,9,Montgomery County,BETHESDA,MD 
Walter P. Carter Elementary,2,Baltimore city,BALTIMORE,MD 
Walter S. Mills - Parole Elementary,3,Anne Arundel County,ANNAPOLIS,MD 
Warren Elementary,5,Baltimore County,COCKEYSVILLE,MD 
Warwick Elementary School,5,Dorchester County,SECRETARY,MD 
Washington Academy and High School,4,Somerset County,PRINCESS ANNE,MD 
Washington County Job Development Center,NaN,Washington County,HAGERSTOWN,MD 
Washington County Technical High,8,Washington County,HAGERSTOWN,MD 
Washington Grove Elementary,5,Montgomery County,GAITHERSBURG,MD 
Washington Middle,6,Allegany County,CUMBERLAND,MD 
Waterloo Elementary,7,Howard County,COLUMBIA,MD 
Waters Landing Elementary,5,Montgomery County,GERMANTOWN,MD 
Watkins Mill Elementary,3,Montgomery County,MONTGOMERY VILLAGE,MD 
Watkins Mill High,4,Montgomery County,GAITHERSBURG,MD 
Waugh Chapel Elementary,9,Anne Arundel County,ODENTON,MD 
Waverley Elementary,4,Frederick County,FREDERICK,MD 
Waverly Elementary,2,Baltimore city,BALTIMORE,MD 
Waverly Elementary,9,Howard County,ELLICOTT CITY,MD 
Wayside Elementary,9,Montgomery County,BETHESDA,MD 
Weller Road Elementary,5,Montgomery County,SILVER SPRING,MD 
Wellwood International Elementary,7,Baltimore County,PIKESVILLE,MD 
West Annapolis Elementary at Annapolis Middle,9,Anne Arundel County,ANNAPOLIS,MD 
West Frederick Middle,5,Frederick County,FREDERICK,MD 
West Friendship Elementary,9,Howard County,WEST FRIENDSHIP,MD 
West Meade Early Education Center,NaN,Anne Arundel County,FT MEADE,MD 
West Salisbury Elementary,NaN,Wicomico County,SALISBURY,MD 
West Side Elementary,5,Allegany County,CUMBERLAND,MD 
West Towson Elementary,9,Baltimore County,BALTIMORE,MD 
Westbrook Elementary,8,Montgomery County,BETHESDA,MD 
Westchester Elementary,5,Baltimore County,BALTIMORE,MD 
Western Heights Middle,5,Washington County,HAGERSTOWN,MD 
Western High,6,Baltimore city,BALTIMORE,MD 
Western School of Technology & Env. Science,10,Baltimore County,BALTIMORE,MD 
Westernport Elementary,5,Allegany County,WESTERNPORT,MD 
Westlake High School,5,Charles County,WALDORF,MD 
Westland Middle,8,Montgomery County,BETHESDA,MD 
Westmar Middle,5,Allegany County,LONACONING,MD 
Westminster East Middle,8,Carroll County,WESTMINSTER,MD 
Westminster Elementary,8,Carroll County,WESTMINSTER,MD 
Westminster High,8,Carroll County,WESTMINSTER,MD 
Westminster West Middle,8,Carroll County,WESTMINSTER,MD 
Westover Elementary,9,Montgomery County,SILVER SPRING,MD 
Westowne Elementary,5,Baltimore County,CATONSVILLE,MD 
Westport Academy,1,Baltimore city,BALTIMORE,MD 
Westside Elementary,1,Baltimore city,BALTIMORE,MD 
Westside Intermediate,5,Wicomico County,HEBRON,MD 
Westside Primary,NaN,Wicomico County,QUANTICO,MD 
Wheaton High,4,Montgomery County,SILVER SPRING,MD 
Wheaton Woods Elementary,7,Montgomery County,ROCKVILLE,MD 
Whetstone Elementary,5,Montgomery County,GAITHERSBURG,MD 
White Marsh Elementary,6,Talbot County,TRAPPE,MD 
White Marsh Elementary,8,St. Mary's County,MECHANICSVILLE,MD 
White Oak Middle,6,Montgomery County,SILVER SPRING,MD 
White Oak School,NaN,Baltimore County,PARKVILLE,MD 
Whitehall Elementary,9,Prince George's County,BOWIE,MD 
Whittier Elementary,7,Frederick County,FREDERICK,MD 
Wicomico County Evening High,NaN,Wicomico County,SALISBURY,MD 
Wicomico High,3,Wicomico County,SALISBURY,MD 
Wicomico Middle,4,Wicomico County,SALISBURY,MD 
Wilde Lake High,6,Howard County,COLUMBIA,MD 
Wilde Lake Middle,5,Howard County,COLUMBIA,MD 
Wiley H. Bates Middle,6,Anne Arundel County,ANNAPOLIS,MD 
Willards Elementary,NaN,Wicomico County,WILLARDS,MD 
William A. Diggs Elementary,5,Charles County,WALDORF,MD 
William B. Gibbs Jr.,6,Montgomery County,GERMANTOWN,MD 
William B. Wade Elementary School,6,Charles County,WALDORF,MD 
William Beanes Elementary,2,Prince George's County,SUITLAND,MD 
William H. Farquhar Middle,8,Montgomery County,OLNEY,MD 
William Paca Elementary,2,Baltimore city,BALTIMORE,MD 
William Paca Elementary,3,Prince George's County,LANDOVER,MD 
William Paca/Old Post Road Elementary,4,Harford County,ABINGDON,MD 
William Pinderhughes Elementary,2,Baltimore city,BALTIMORE,MD 
William S. Baer School,NaN,Baltimore city,BALTIMORE,MD 
William S. James Elementary,7,Harford County,ABINGDON,MD 
William Schmidt Environmental Center,NaN,Prince George's County,BRANDYWINE,MD 
William Tyler Page Elementary,6,Montgomery County,SILVER SPRING,MD 
William W. Hall Academy,3,Prince George's County,CAPITOL HEIGHTS,MD 
William Winchester Elementary,7,Carroll County,WESTMINSTER,MD 
William Wirt Middle,3,Prince George's County,RIVERDALE,MD 
Williamsport Elementary,7,Washington County,WILLIAMSPORT,MD 
Williamsport High,4,Washington County,WILLIAMSPORT,MD 
Wilson Wims Elementary School,7,Montgomery County,CLARKSBURG,MD 
Winand Elementary,4,Baltimore County,BALTIMORE,MD 
Windsor Farm Elementary,8,Anne Arundel County,ANNAPOLIS,MD 
Windsor Hills Elementary,3,Baltimore city,BALTIMORE,MD 
Windsor Knolls Middle,9,Frederick County,IJAMSVILLE,MD 
Windsor Mill Middle,3,Baltimore city,BALTIMORE,MD 
Windy Hill Elementary,6,Calvert County,OWINGS,MD 
Windy Hill Middle,8,Calvert County,OWINGS,MD 
Winfield Elementary,3,Baltimore County,BALTIMORE,MD 
Winfield Elementary,7,Carroll County,WESTMINSTER,MD 
Winston Churchill High,10,Montgomery County,POTOMAC,MD 
Winter Street Elementary,3,Washington County,HAGERSTOWN,MD 
Winters Mill High,7,Carroll County,WESTMINSTER,MD 
Wolfe Street Academy,2,Baltimore city,BALTIMORE,MD 
Wolfsville Elementary,7,Frederick County,MYERSVILLE,MD 
Wood Acres Elementary,9,Montgomery County,BETHESDA,MD 
Woodbridge Elementary,7,Baltimore County,BALTIMORE,MD 
Woodfield Elementary,8,Montgomery County,GAITHERSBURG,MD 
Woodholme Elementary,6,Baltimore County,BALTIMORE,MD 
Woodhome Elementary/Middle,2,Baltimore city,BALTIMORE,MD 
Woodlawn High Center for Pre-Eng. Res.,3,Baltimore County,BALTIMORE,MD 
Woodlawn Middle,3,Baltimore County,BALTIMORE,MD 
Woodlin Elementary,6,Montgomery County,SILVER SPRING,MD 
Woodmoor Elementary,3,Baltimore County,BALTIMORE,MD 
Woodmore Elementary,6,Prince George's County,MITCHELLVILLE,MD 
Woodridge Elementary,4,Prince George's County,HYATTSVILLE,MD 
Woodside Elementary,5,Anne Arundel County,GLEN BURNIE,MD 
Worcester Technical High School,NaN,Worcester County,NEWARK,MD 
Worthington Elementary,9,Howard County,ELLICOTT CITY,MD 
Worton Elementary,3,Kent County,WORTON,MD 
Wyngate Elementary,9,Montgomery County,BETHESDA,MD 
Yellow Springs Elementary,6,Frederick County,FREDERICK,MD 
Yorktown Elementary,8,Prince George's County,BOWIE,MD 
Yorkwood Elementary,3,Baltimore city,BALTIMORE,MD 
Yough Glades Elementary,5,Garrett County,OAKLAND,MD 
Youths Benefit Elementary,9,Harford County,FALLSTON,MD 
